"Country","WHOREGION","FLUREGION","Year","Week","SDATE","EDATE","SPEC_RECEIVED_NB","SPEC_PROCESSED_NB","AH1","AH1N12009","AH3","AH5","ANOTSUBTYPED","INF_A","BYAMAGATA","BVICTORIA","BNOTDETERMINED","INF_B","ALL_INF","ALL_INF2","TITLE"
"United States of America","Region of the Americas of WHO","North America",2010,1,"2010-01-04","2010-01-10",9600,9600,0,266,0,0,92,358,0,0,8,8,366,NA,"Local Outbreak"
"United States of America","Region of the Americas of WHO","North America",2010,2,"2010-01-11","2010-01-17",8678,8678,1,261,2,0,120,384,0,0,12,12,396,NA,"Local Outbreak"
"United States of America","Region of the Americas of WHO","North America",2010,3,"2010-01-18","2010-01-24",8626,8626,0,317,1,0,126,444,0,0,3,3,447,NA,"Local Outbreak"
"United States of America","Region of the Americas of WHO","North America",2010,4,"2010-01-25","2010-01-31",8622,8622,0,268,3,0,122,393,0,0,9,9,402,NA,"Sporadic"
"United States of America","Region of the Americas of WHO","North America",2010,5,"2010-02-01","2010-02-07",8485,8485,0,290,0,0,108,398,0,0,6,6,404,NA,"Local Outbreak"
"United States of America","Region of the Americas of WHO","North America",2010,6,"2010-02-08","2010-02-14",8270,8270,0,238,0,0,114,352,0,0,9,9,361,NA,"Local Outbreak"
"United States of America","Region of the Americas of WHO","North America",2010,7,"2010-02-15","2010-02-21",8463,8463,0,260,0,0,114,374,0,0,6,6,380,NA,"Local Outbreak"
"United States of America","Region of the Americas of WHO","North America",2010,8,"2010-02-22","2010-02-28",8106,8106,0,316,1,0,104,421,0,0,3,3,424,NA,"Local Outbreak"
"United States of America","Region of the Americas of WHO","North America",2010,9,"2010-03-01","2010-03-07",7620,7620,0,338,0,0,102,440,0,0,5,5,445,NA,"Local Outbreak"
"United States of America","Region of the Americas of WHO","North America",2010,10,"2010-03-08","2010-03-14",7525,7525,0,359,0,0,102,461,0,0,14,14,475,NA,"Local Outbreak"
"United States of America","Region of the Americas of WHO","North America",2010,11,"2010-03-15","2010-03-21",6500,6500,0,259,1,0,87,347,0,0,4,4,351,NA,"Local Outbreak"
"United States of America","Region of the Americas of WHO","North America",2010,12,"2010-03-22","2010-03-28",5645,5645,0,178,1,0,58,237,0,0,9,9,246,NA,"Local Outbreak"
"United States of America","Region of the Americas of WHO","North America",2010,13,"2010-03-29","2010-04-04",5285,5285,0,167,1,0,64,232,0,0,5,5,237,NA,"Sporadic"
"United States of America","Region of the Americas of WHO","North America",2010,14,"2010-04-05","2010-04-11",4567,4567,0,96,1,0,30,127,0,0,0,0,127,NA,"Sporadic"
"United States of America","Region of the Americas of WHO","North America",2010,15,"2010-04-12","2010-04-18",3993,3993,0,56,1,0,20,77,0,0,2,2,79,NA,"Sporadic"
"United States of America","Region of the Americas of WHO","North America",2010,16,"2010-04-19","2010-04-25",3816,3816,0,17,2,0,27,46,0,0,6,6,52,NA,"Sporadic"
"United States of America","Region of the Americas of WHO","North America",2010,17,"2010-04-26","2010-05-02",3754,3754,0,16,0,0,13,29,0,0,8,8,37,NA,"Sporadic"
"United States of America","Region of the Americas of WHO","North America",2010,18,"2010-05-03","2010-05-09",3142,3142,0,20,1,0,9,30,0,0,1,1,31,NA,"Sporadic"
"United States of America","Region of the Americas of WHO","North America",2010,19,"2010-05-10","2010-05-16",2845,2845,0,6,2,0,15,23,0,0,3,3,26,NA,"Sporadic"
"United States of America","Region of the Americas of WHO","North America",2010,20,"2010-05-17","2010-05-23",2921,2921,0,7,1,0,7,16,0,0,3,3,19,NA,"Sporadic"
"United States of America","Region of the Americas of WHO","North America",2010,21,"2010-05-24","2010-05-30",2711,2711,0,0,0,0,6,6,0,0,2,2,8,NA,"Sporadic"
"United States of America","Region of the Americas of WHO","North America",2010,22,"2010-05-31","2010-06-06",2196,2196,0,3,0,0,3,6,0,0,2,2,8,NA,"Sporadic"
"United States of America","Region of the Americas of WHO","North America",2010,23,"2010-06-07","2010-06-13",2190,2190,0,1,1,0,3,5,0,0,3,3,8,NA,"Sporadic"
"United States of America","Region of the Americas of WHO","North America",2010,24,"2010-06-14","2010-06-20",2077,2077,0,1,4,0,2,7,0,0,4,4,11,NA,"Sporadic"
"United States of America","Region of the Americas of WHO","North America",2010,25,"2010-06-21","2010-06-27",1975,1975,0,3,4,0,4,11,0,0,0,0,11,NA,"Sporadic"
"United States of America","Region of the Americas of WHO","North America",2010,26,"2010-06-28","2010-07-04",1846,1846,0,1,1,0,4,6,0,0,1,1,7,NA,"Sporadic"
"United States of America","Region of the Americas of WHO","North America",2010,27,"2010-07-05","2010-07-11",1623,1623,0,0,3,0,1,4,0,0,0,0,4,NA,"Sporadic"
"United States of America","Region of the Americas of WHO","North America",2010,28,"2010-07-12","2010-07-18",1634,1634,0,1,6,0,1,8,0,0,2,2,10,NA,"Sporadic"
"United States of America","Region of the Americas of WHO","North America",2010,29,"2010-07-19","2010-07-25",1589,1589,0,2,2,0,4,8,0,0,4,4,12,NA,"Sporadic"
"United States of America","Region of the Americas of WHO","North America",2010,30,"2010-07-26","2010-08-01",1706,1760,0,1,13,0,5,19,0,0,5,5,24,NA,"Sporadic"
"United States of America","Region of the Americas of WHO","North America",2010,31,"2010-08-02","2010-08-08",1559,1559,0,4,9,0,4,17,0,0,2,2,19,NA,"Sporadic"
"United States of America","Region of the Americas of WHO","North America",2010,32,"2010-08-09","2010-08-15",1702,1702,0,7,10,0,5,22,0,0,10,10,32,NA,"Sporadic"
"United States of America","Region of the Americas of WHO","North America",2010,33,"2010-08-16","2010-08-22",1816,1816,0,5,11,0,2,18,0,0,3,3,21,NA,"Sporadic"
"United States of America","Region of the Americas of WHO","North America",2010,34,"2010-08-23","2010-08-29",2001,2001,0,10,17,0,10,37,0,0,8,8,45,NA,"Sporadic"
"United States of America","Region of the Americas of WHO","North America",2010,35,"2010-08-30","2010-09-05",2282,2282,0,7,11,0,10,28,0,0,6,6,34,NA,"Sporadic"
"United States of America","Region of the Americas of WHO","North America",2010,36,"2010-09-06","2010-09-12",2397,2397,0,9,16,0,14,39,0,0,7,7,46,NA,"Sporadic"
"United States of America","Region of the Americas of WHO","North America",2010,37,"2010-09-13","2010-09-19",2769,2769,0,5,30,0,15,50,0,0,14,14,64,NA,"Sporadic"
"United States of America","Region of the Americas of WHO","North America",2010,38,"2010-09-20","2010-09-26",2870,2870,0,0,28,0,18,46,0,0,21,21,67,NA,"Sporadic"
"United States of America","Region of the Americas of WHO","North America",2010,39,"2010-09-27","2010-10-03",3063,3063,0,2,17,0,23,42,0,0,20,20,62,NA,"Sporadic"
"United States of America","Region of the Americas of WHO","North America",2010,40,"2010-10-04","2010-10-10",3724,3724,0,7,17,0,30,54,0,0,23,23,77,NA,"Sporadic"
"United States of America","Region of the Americas of WHO","North America",2010,41,"2010-10-11","2010-10-17",4100,4100,0,13,36,0,43,92,0,0,36,36,128,NA,"Sporadic"
"United States of America","Region of the Americas of WHO","North America",2010,42,"2010-10-18","2010-10-24",4239,4239,0,8,35,0,53,96,0,0,45,45,141,NA,"Sporadic"
"United States of America","Region of the Americas of WHO","North America",2010,43,"2010-10-25","2010-10-31",4351,4351,0,13,55,0,47,115,0,0,53,53,168,NA,"Sporadic"
"United States of America","Region of the Americas of WHO","North America",2010,44,"2010-11-01","2010-11-07",4734,4734,0,12,61,0,68,141,0,0,106,106,247,NA,"Sporadic"
"United States of America","Region of the Americas of WHO","North America",2010,45,"2010-11-08","2010-11-14",5553,5553,0,15,78,0,95,188,0,0,164,164,352,NA,"Sporadic"
"United States of America","Region of the Americas of WHO","North America",2010,46,"2010-11-15","2010-11-21",5766,5766,0,23,121,0,109,253,0,0,238,238,491,NA,"Sporadic"
"United States of America","Region of the Americas of WHO","North America",2010,47,"2010-11-22","2010-11-28",5650,5650,0,11,153,0,158,322,0,0,266,266,588,NA,"Local Outbreak"
"United States of America","Region of the Americas of WHO","North America",2010,48,"2010-11-29","2010-12-05",6187,6187,0,34,181,0,133,348,0,0,261,261,609,NA,"Sporadic"
"United States of America","Region of the Americas of WHO","North America",2010,49,"2010-12-06","2010-12-12",6341,6341,0,46,356,0,131,533,0,0,310,310,843,NA,"Sporadic"
"United States of America","Region of the Americas of WHO","North America",2010,50,"2010-12-13","2010-12-19",7564,7564,0,83,547,0,278,908,0,0,530,530,1438,NA,"Local Outbreak"
"United States of America","Region of the Americas of WHO","North America",2010,51,"2010-12-20","2010-12-26",8000,8000,0,98,782,0,447,1327,0,0,671,671,1998,NA,"Local Outbreak"
"United States of America","Region of the Americas of WHO","North America",2010,52,"2010-12-27","2011-01-02",9088,9088,0,190,994,0,536,1720,0,0,655,655,2375,NA,"Regional Outbreak"
"United States of America","Region of the Americas of WHO","North America",2011,1,"2011-01-03","2011-01-09",10510,10510,0,328,1147,0,595,2070,0,0,575,575,2645,NA,"Local Outbreak"
"United States of America","Region of the Americas of WHO","North America",2011,2,"2011-01-10","2011-01-16",10251,10251,0,546,1194,0,689,2429,0,0,598,598,3027,NA,"Local Outbreak"
"United States of America","Region of the Americas of WHO","North America",2011,3,"2011-01-17","2011-01-23",11113,11113,0,816,1417,0,754,2987,0,0,737,737,3724,NA,"Regional Outbreak"
"United States of America","Region of the Americas of WHO","North America",2011,4,"2011-01-24","2011-01-30",12929,12929,0,1040,1481,0,953,3474,0,0,965,965,4439,NA,"Widespread Outbreak"
"United States of America","Region of the Americas of WHO","North America",2011,5,"2011-01-31","2011-02-06",13860,13860,0,1193,1449,0,1143,3785,0,0,1134,1134,4919,NA,"Widespread Outbreak"
"United States of America","Region of the Americas of WHO","North America",2011,6,"2011-02-07","2011-02-13",14670,14670,0,1235,1462,0,1206,3903,0,0,1183,1183,5086,NA,"Widespread Outbreak"
"United States of America","Region of the Americas of WHO","North America",2011,7,"2011-02-14","2011-02-20",16411,16411,0,1397,1531,0,1447,4375,0,0,1368,1368,5743,NA,"Widespread Outbreak"
"United States of America","Region of the Americas of WHO","North America",2011,8,"2011-02-21","2011-02-27",14466,14466,0,1138,1210,0,1048,3396,0,0,1203,1203,4599,NA,"Widespread Outbreak"
"United States of America","Region of the Americas of WHO","North America",2011,9,"2011-02-28","2011-03-06",12923,12923,0,939,969,0,765,2673,0,0,893,893,3566,NA,"Widespread Outbreak"
"United States of America","Region of the Americas of WHO","North America",2011,10,"2011-03-07","2011-03-13",11377,11377,0,664,798,0,517,1979,0,0,688,688,2667,NA,"Widespread Outbreak"
"United States of America","Region of the Americas of WHO","North America",2011,11,"2011-03-14","2011-03-20",9644,9644,0,435,580,0,380,1395,0,0,555,555,1950,NA,"Regional Outbreak"
"United States of America","Region of the Americas of WHO","North America",2011,12,"2011-03-21","2011-03-27",8378,8378,0,259,415,0,275,949,0,0,407,407,1356,NA,"Local Outbreak"
"United States of America","Region of the Americas of WHO","North America",2011,13,"2011-03-28","2011-04-03",6971,6971,0,161,263,0,174,598,0,0,285,285,883,NA,"Sporadic"
"United States of America","Region of the Americas of WHO","North America",2011,14,"2011-04-04","2011-04-10",6398,6398,0,87,197,0,93,377,0,0,252,252,629,NA,"Sporadic"
"United States of America","Region of the Americas of WHO","North America",2011,15,"2011-04-11","2011-04-17",5331,5331,0,46,140,0,58,244,0,0,149,149,393,NA,"Sporadic"
"United States of America","Region of the Americas of WHO","North America",2011,16,"2011-04-18","2011-04-24",4403,4403,0,30,56,0,28,114,0,0,79,79,193,NA,"Sporadic"
"United States of America","Region of the Americas of WHO","North America",2011,17,"2011-04-25","2011-05-01",3745,3745,0,9,26,0,29,64,0,0,61,61,125,NA,"Sporadic"
"United States of America","Region of the Americas of WHO","North America",2011,18,"2011-05-02","2011-05-08",3255,3255,0,11,18,0,10,39,0,0,23,23,62,NA,"Sporadic"
"United States of America","Region of the Americas of WHO","North America",2011,19,"2011-05-09","2011-05-15",3009,3009,0,2,11,0,11,24,0,0,14,14,38,NA,"Sporadic"
"United States of America","Region of the Americas of WHO","North America",2011,20,"2011-05-16","2011-05-22",2645,2645,0,0,5,0,4,9,0,0,10,10,19,NA,"Sporadic"
"United States of America","Region of the Americas of WHO","North America",2011,21,"2011-05-23","2011-05-29",2374,2374,0,2,4,0,6,12,0,0,4,4,16,NA,"Sporadic"
"United States of America","Region of the Americas of WHO","North America",2011,22,"2011-05-30","2011-06-05",2085,2085,0,1,0,0,6,7,0,0,5,5,12,NA,"Sporadic"
"United States of America","Region of the Americas of WHO","North America",2011,23,"2011-06-06","2011-06-12",1911,1911,0,0,0,0,1,1,0,0,4,4,5,NA,"Sporadic"
"United States of America","Region of the Americas of WHO","North America",2011,24,"2011-06-13","2011-06-19",1798,1798,0,2,1,0,6,9,0,0,0,0,9,NA,"Sporadic"
"United States of America","Region of the Americas of WHO","North America",2011,25,"2011-06-20","2011-06-26",1701,1701,0,0,0,0,0,0,0,0,2,2,2,NA,"Sporadic"
"United States of America","Region of the Americas of WHO","North America",2011,26,"2011-06-27","2011-07-03",1354,1354,0,2,0,0,1,3,0,0,1,1,4,NA,"Sporadic"
"United States of America","Region of the Americas of WHO","North America",2011,27,"2011-07-04","2011-07-10",1317,1317,0,2,1,0,1,4,0,0,1,1,5,NA,"Sporadic"
"United States of America","Region of the Americas of WHO","North America",2011,28,"2011-07-11","2011-07-17",1278,1278,0,0,3,0,0,3,0,0,3,3,6,NA,"Sporadic"
"United States of America","Region of the Americas of WHO","North America",2011,29,"2011-07-18","2011-07-24",1317,1317,0,0,3,0,0,3,0,0,5,5,8,NA,"Sporadic"
"United States of America","Region of the Americas of WHO","North America",2011,30,"2011-07-25","2011-07-31",1145,1145,0,0,0,0,2,2,0,0,1,1,3,NA,"Sporadic"
"United States of America","Region of the Americas of WHO","North America",2011,31,"2011-08-01","2011-08-07",1229,1229,0,3,2,0,3,8,0,0,2,2,10,NA,"Sporadic"
"United States of America","Region of the Americas of WHO","North America",2011,32,"2011-08-08","2011-08-14",1263,1263,0,0,3,0,6,9,0,0,2,2,11,NA,"Sporadic"
"United States of America","Region of the Americas of WHO","North America",2011,33,"2011-08-15","2011-08-21",1406,1406,0,2,5,0,5,13,0,0,3,3,16,NA,"Sporadic"
"United States of America","Region of the Americas of WHO","North America",2011,34,"2011-08-22","2011-08-28",1518,1518,0,0,5,0,6,12,0,0,5,5,17,NA,"Sporadic"
"United States of America","Region of the Americas of WHO","North America",2011,35,"2011-08-29","2011-09-04",1634,1634,0,2,2,0,9,13,0,0,1,1,14,NA,"Sporadic"
"United States of America","Region of the Americas of WHO","North America",2011,36,"2011-09-05","2011-09-11",1766,1766,0,1,3,0,7,11,0,0,2,2,13,NA,"Sporadic"
"United States of America","Region of the Americas of WHO","North America",2011,37,"2011-09-12","2011-09-18",1901,1901,0,0,6,0,11,17,0,0,2,2,19,NA,"Sporadic"
"United States of America","Region of the Americas of WHO","North America",2011,38,"2011-09-19","2011-09-25",2147,2147,0,0,4,0,9,13,0,0,7,7,20,NA,"Sporadic"
"United States of America","Region of the Americas of WHO","North America",2011,39,"2011-09-26","2011-10-02",2152,2152,0,1,10,0,10,21,0,0,5,5,26,NA,"Sporadic"
"United States of America","Region of the Americas of WHO","North America",2011,40,"2011-10-03","2011-10-09",3197,3197,0,3,14,0,7,24,0,0,9,9,33,NA,"Sporadic"
"United States of America","Region of the Americas of WHO","North America",2011,41,"2011-10-10","2011-10-16",3319,3319,0,0,9,0,2,11,0,0,8,8,19,NA,"Sporadic"
"United States of America","Region of the Americas of WHO","North America",2011,42,"2011-10-17","2011-10-23",3433,3433,0,2,10,0,8,20,0,0,8,8,28,NA,"Sporadic"
"United States of America","Region of the Americas of WHO","North America",2011,43,"2011-10-24","2011-10-30",3707,3707,0,0,12,0,19,31,0,0,12,12,43,NA,"Sporadic"
"United States of America","Region of the Americas of WHO","North America",2011,44,"2011-10-31","2011-11-06",4038,4038,0,1,17,0,11,29,0,0,9,9,38,NA,"Sporadic"
"United States of America","Region of the Americas of WHO","North America",2011,45,"2011-11-07","2011-11-13",4255,4255,0,2,15,0,17,34,0,0,15,15,49,NA,"Sporadic"
"United States of America","Region of the Americas of WHO","North America",2011,46,"2011-11-14","2011-11-20",4503,4503,0,0,15,0,17,32,0,0,11,11,43,NA,"Sporadic"
"United States of America","Region of the Americas of WHO","North America",2011,47,"2011-11-21","2011-11-27",4071,4071,0,3,23,0,29,55,0,0,20,20,75,NA,"Sporadic"
"United States of America","Region of the Americas of WHO","North America",2011,48,"2011-11-28","2011-12-04",4636,4636,0,2,32,0,22,56,0,0,17,17,73,NA,"Sporadic"
"United States of America","Region of the Americas of WHO","North America",2011,49,"2011-12-05","2011-12-11",4667,4667,0,5,38,0,43,86,0,0,20,20,106,NA,"Sporadic"
"United States of America","Region of the Americas of WHO","North America",2011,50,"2011-12-12","2011-12-18",4859,4859,0,4,78,0,28,110,0,0,19,19,129,NA,"Sporadic"
"United States of America","Region of the Americas of WHO","North America",2011,51,"2011-12-19","2011-12-25",4981,4981,0,7,104,0,57,168,0,0,24,24,192,NA,"Sporadic"
"United States of America","Region of the Americas of WHO","North America",2011,52,"2011-12-26","2012-01-01",5331,5331,0,4,107,0,47,158,0,0,17,17,175,NA,"Local Outbreak"
"United States of America","Region of the Americas of WHO","North America",2012,1,"2012-01-02","2012-01-08",5558,5558,0,16,101,0,38,155,0,0,22,22,177,NA,"Sporadic"
"United States of America","Region of the Americas of WHO","North America",2012,2,"2012-01-09","2012-01-15",5276,5276,0,31,138,0,45,214,0,0,15,15,229,NA,"Sporadic"
"United States of America","Region of the Americas of WHO","North America",2012,3,"2012-01-16","2012-01-22",5259,5259,0,50,195,0,50,295,0,0,17,17,312,NA,"Sporadic"
"United States of America","Region of the Americas of WHO","North America",2012,4,"2012-01-23","2012-01-29",5775,5775,0,84,256,0,96,436,0,0,30,30,466,NA,"Sporadic"
"United States of America","Region of the Americas of WHO","North America",2012,5,"2012-01-30","2012-02-05",5862,5862,0,124,365,0,128,617,0,0,41,41,658,NA,"Local Outbreak"
"United States of America","Region of the Americas of WHO","North America",2012,6,"2012-02-06","2012-02-12",6111,6111,0,164,419,0,159,742,0,0,55,55,797,NA,"Local Outbreak"
"United States of America","Region of the Americas of WHO","North America",2012,7,"2012-02-13","2012-02-19",6837,6837,0,220,506,0,255,981,0,0,69,69,1050,NA,"Local Outbreak"
"United States of America","Region of the Americas of WHO","North America",2012,8,"2012-02-20","2012-02-26",7110,7110,0,295,690,0,326,1311,0,0,75,75,1386,NA,"Local Outbreak"
"United States of America","Region of the Americas of WHO","North America",2012,9,"2012-02-27","2012-03-04",8029,8029,0,443,986,0,392,1821,0,0,107,107,1928,NA,"Local Outbreak"
"United States of America","Region of the Americas of WHO","North America",2012,10,"2012-03-05","2012-03-11",7979,7979,0,494,1221,0,451,2166,0,0,116,116,2282,NA,"Local Outbreak"
"United States of America","Region of the Americas of WHO","North America",2012,11,"2012-03-12","2012-03-18",8295,8295,0,574,1393,0,482,2449,0,0,197,197,2646,NA,"Regional Outbreak"
"United States of America","Region of the Americas of WHO","North America",2012,12,"2012-03-19","2012-03-25",7611,7611,0,436,1091,0,403,1930,0,0,241,241,2171,NA,"Local Outbreak"
"United States of America","Region of the Americas of WHO","North America",2012,13,"2012-03-26","2012-04-01",7037,7037,0,306,717,0,299,1322,0,0,239,239,1561,NA,"Sporadic"
"United States of America","Region of the Americas of WHO","North America",2012,14,"2012-04-02","2012-04-08",6250,6250,0,266,628,0,282,1176,0,0,270,270,1446,NA,"Local Outbreak"
"United States of America","Region of the Americas of WHO","North America",2012,15,"2012-04-09","2012-04-15",5918,5918,0,187,591,0,186,964,0,0,290,290,1254,NA,"Local Outbreak"
"United States of America","Region of the Americas of WHO","North America",2012,16,"2012-04-16","2012-04-22",5454,5454,0,123,548,0,173,844,0,0,313,313,1157,NA,"Local Outbreak"
"United States of America","Region of the Americas of WHO","North America",2012,17,"2012-04-23","2012-04-29",4650,4650,0,82,366,0,134,582,0,0,269,269,851,NA,"Sporadic"
"United States of America","Region of the Americas of WHO","North America",2012,18,"2012-04-30","2012-05-06",4194,4194,0,64,310,0,99,473,0,0,247,247,720,NA,"Sporadic"
"United States of America","Region of the Americas of WHO","North America",2012,19,"2012-05-07","2012-05-13",3779,3779,0,39,233,0,76,348,0,0,266,266,614,NA,"Sporadic"
"United States of America","Region of the Americas of WHO","North America",2012,20,"2012-05-14","2012-05-20",3564,3564,0,34,167,0,57,258,0,0,252,252,510,NA,"Sporadic"
"United States of America","Region of the Americas of WHO","North America",2012,21,"2012-05-21","2012-05-27",3470,3470,0,18,88,0,63,169,0,0,253,253,422,NA,"Sporadic"
"United States of America","Region of the Americas of WHO","North America",2012,22,"2012-05-28","2012-06-03",3015,3015,0,16,85,0,46,147,0,0,224,224,371,NA,"Sporadic"
"United States of America","Region of the Americas of WHO","North America",2012,23,"2012-06-04","2012-06-10",2986,2986,0,16,48,0,40,104,0,0,200,200,304,NA,"Sporadic"
"United States of America","Region of the Americas of WHO","North America",2012,24,"2012-06-11","2012-06-17",2724,2724,0,9,63,0,52,124,0,0,179,179,303,NA,"Sporadic"
"United States of America","Region of the Americas of WHO","North America",2012,25,"2012-06-18","2012-06-24",2343,2343,0,3,38,0,26,67,0,0,105,105,172,NA,"Sporadic"
"United States of America","Region of the Americas of WHO","North America",2012,26,"2012-06-25","2012-07-01",2116,2116,0,3,26,0,22,51,0,0,117,117,168,NA,"Sporadic"
"United States of America","Region of the Americas of WHO","North America",2012,27,"2012-07-02","2012-07-08",1817,1817,0,5,16,0,13,34,0,0,57,57,91,NA,"Sporadic"
"United States of America","Region of the Americas of WHO","North America",2012,28,"2012-07-09","2012-07-15",1908,1908,0,4,36,0,15,56,0,0,43,43,99,NA,"Sporadic"
"United States of America","Region of the Americas of WHO","North America",2012,29,"2012-07-16","2012-07-22",1933,1933,0,0,18,0,11,29,0,0,47,47,76,NA,"Sporadic"
"United States of America","Region of the Americas of WHO","North America",2012,30,"2012-07-23","2012-07-29",1927,1927,0,2,49,0,10,70,0,0,31,31,101,NA,"Sporadic"
"United States of America","Region of the Americas of WHO","North America",2012,31,"2012-07-30","2012-08-05",1939,1939,0,1,65,0,4,165,0,0,35,35,200,NA,"Sporadic"
"United States of America","Region of the Americas of WHO","North America",2012,32,"2012-08-06","2012-08-12",2118,2118,0,3,63,0,8,147,0,0,26,26,173,NA,"Sporadic"
"United States of America","Region of the Americas of WHO","North America",2012,33,"2012-08-13","2012-08-19",2236,2236,0,6,69,0,9,136,0,0,28,28,164,NA,"Sporadic"
"United States of America","Region of the Americas of WHO","North America",2012,34,"2012-08-20","2012-08-26",2392,2392,0,7,48,0,14,84,0,0,25,25,109,NA,"Sporadic"
"United States of America","Region of the Americas of WHO","North America",2012,35,"2012-08-27","2012-09-02",2444,2444,0,1,36,0,12,61,0,0,26,26,87,NA,"Sporadic"
"United States of America","Region of the Americas of WHO","North America",2012,36,"2012-09-03","2012-09-09",2598,2598,0,1,34,0,11,51,0,0,36,36,87,NA,"Sporadic"
"United States of America","Region of the Americas of WHO","North America",2012,37,"2012-09-10","2012-09-16",2909,2909,0,0,19,0,9,30,0,0,48,48,78,NA,"Sporadic"
"United States of America","Region of the Americas of WHO","North America",2012,38,"2012-09-17","2012-09-23",3123,3123,0,4,34,0,18,56,0,0,40,40,96,NA,"Sporadic"
"United States of America","Region of the Americas of WHO","North America",2012,39,"2012-09-24","2012-09-30",2476,2476,0,3,17,0,20,40,0,0,49,49,89,NA,"Sporadic"
"United States of America","Region of the Americas of WHO","North America",2012,40,"2012-10-01","2012-10-07",4345,4345,0,3,71,0,10,84,0,0,79,79,163,NA,"Sporadic"
"United States of America","Region of the Americas of WHO","North America",2012,41,"2012-10-08","2012-10-14",4716,4716,0,7,67,0,25,99,0,0,98,98,197,NA,"Sporadic"
"United States of America","Region of the Americas of WHO","North America",2012,42,"2012-10-15","2012-10-21",5009,5009,0,4,128,0,47,179,0,0,121,121,300,NA,"Sporadic"
"United States of America","Region of the Americas of WHO","North America",2012,43,"2012-10-22","2012-10-28",4913,4913,0,3,148,0,49,200,0,0,139,139,339,NA,"Sporadic"
"United States of America","Region of the Americas of WHO","North America",2012,44,"2012-10-29","2012-11-04",5149,5149,0,4,181,0,73,258,0,0,151,151,409,NA,"Sporadic"
"United States of America","Region of the Americas of WHO","North America",2012,45,"2012-11-05","2012-11-11",6134,6134,0,5,269,0,114,388,0,0,231,231,619,NA,"Sporadic"
"United States of America","Region of the Americas of WHO","North America",2012,46,"2012-11-12","2012-11-18",6365,6365,0,8,366,0,210,586,0,0,265,265,851,NA,"Local Outbreak"
"United States of America","Region of the Americas of WHO","North America",2012,47,"2012-11-19","2012-11-25",7115,7115,0,8,592,0,406,1006,0,0,362,362,1368,NA,"Regional Outbreak"
"United States of America","Region of the Americas of WHO","North America",2012,48,"2012-11-26","2012-12-02",8884,8884,0,17,992,0,532,1541,0,0,497,497,2038,NA,"Regional Outbreak"
"United States of America","Region of the Americas of WHO","North America",2012,49,"2012-12-03","2012-12-09",11471,11471,0,36,1739,0,979,2754,0,0,678,678,3432,NA,"Widespread Outbreak"
"United States of America","Region of the Americas of WHO","North America",2012,50,"2012-12-10","2012-12-16",13885,13885,0,49,2572,0,1141,3762,0,0,822,822,4584,NA,"Widespread Outbreak"
"United States of America","Region of the Americas of WHO","North America",2012,51,"2012-12-17","2012-12-23",15667,15667,0,54,3528,0,1251,4833,0,0,1096,1096,5929,NA,"Widespread Outbreak"
"United States of America","Region of the Americas of WHO","North America",2012,52,"2012-12-24","2012-12-30",16881,16881,0,78,3673,0,1532,5283,0,0,1162,1162,6445,NA,"Widespread Outbreak"
"United States of America","Region of the Americas of WHO","North America",2013,1,"2012-12-31","2013-01-06",18219,18219,0,84,3640,0,1653,5377,0,0,1097,1097,6474,NA,"Widespread Outbreak"
"United States of America","Region of the Americas of WHO","North America",2013,2,"2013-01-07","2013-01-13",20013,20013,0,96,3889,0,1767,5752,0,0,1145,1145,6897,NA,"Widespread Outbreak"
"United States of America","Region of the Americas of WHO","North America",2013,3,"2013-01-14","2013-01-20",19228,19228,0,113,3121,0,1624,4858,0,0,1078,1078,5936,NA,"Widespread Outbreak"
"United States of America","Region of the Americas of WHO","North America",2013,4,"2013-01-21","2013-01-27",17139,17139,0,129,2382,0,1528,4039,0,0,1091,1091,5130,NA,"Widespread Outbreak"
"United States of America","Region of the Americas of WHO","North America",2013,5,"2013-01-28","2013-02-03",14795,14795,0,122,1890,0,951,2963,0,0,1076,1076,4039,NA,"Widespread Outbreak"
"United States of America","Region of the Americas of WHO","North America",2013,6,"2013-02-04","2013-02-10",13259,13259,0,121,1181,0,706,2008,0,0,1051,1051,3059,NA,"Widespread Outbreak"
"United States of America","Region of the Americas of WHO","North America",2013,7,"2013-02-11","2013-02-17",11468,11468,0,69,798,0,486,1353,0,0,1032,1032,2385,NA,"Widespread Outbreak"
"United States of America","Region of the Americas of WHO","North America",2013,8,"2013-02-18","2013-02-24",10398,10398,0,74,548,0,363,985,0,0,1084,1084,2069,NA,"Widespread Outbreak"
"United States of America","Region of the Americas of WHO","North America",2013,9,"2013-02-25","2013-03-03",9499,9499,0,49,392,0,289,730,0,0,1046,1046,1776,NA,"Widespread Outbreak"
"United States of America","Region of the Americas of WHO","North America",2013,10,"2013-03-04","2013-03-10",8999,8999,0,61,301,0,200,562,0,0,1083,1083,1645,NA,"Regional Outbreak"
"United States of America","Region of the Americas of WHO","North America",2013,11,"2013-03-11","2013-03-17",8733,8733,0,41,202,0,191,434,0,0,1018,1018,1452,NA,"Local Outbreak"
"United States of America","Region of the Americas of WHO","North America",2013,12,"2013-03-18","2013-03-24",7849,7849,0,29,159,0,137,325,0,0,894,894,1219,NA,"Local Outbreak"
"United States of America","Region of the Americas of WHO","North America",2013,13,"2013-03-25","2013-03-31",6635,6635,0,31,98,0,92,221,0,0,732,732,953,NA,"Local Outbreak"
"United States of America","Region of the Americas of WHO","North America",2013,14,"2013-04-01","2013-04-07",6311,6311,0,31,120,0,101,252,0,0,641,641,893,NA,"Local Outbreak"
"United States of America","Region of the Americas of WHO","North America",2013,15,"2013-04-08","2013-04-14",5779,5779,0,44,67,0,63,174,0,0,457,457,631,NA,"Local Outbreak"
"United States of America","Region of the Americas of WHO","North America",2013,16,"2013-04-15","2013-04-21",5229,5229,0,27,73,0,43,143,0,0,311,311,454,NA,"Local Outbreak"
"United States of America","Region of the Americas of WHO","North America",2013,17,"2013-04-22","2013-04-28",4518,4518,0,33,61,0,46,140,0,0,239,239,379,NA,"Sporadic"
"United States of America","Region of the Americas of WHO","North America",2013,18,"2013-04-29","2013-05-05",4317,4317,0,15,54,0,29,98,0,0,195,195,293,NA,"Sporadic"
"United States of America","Region of the Americas of WHO","North America",2013,19,"2013-05-06","2013-05-12",3917,3917,0,12,36,0,27,75,0,0,174,174,249,NA,"Sporadic"
"United States of America","Region of the Americas of WHO","North America",2013,20,"2013-05-13","2013-05-19",3562,3562,0,11,24,0,19,54,0,0,120,120,174,NA,"Sporadic"
"United States of America","Region of the Americas of WHO","North America",2013,21,"2013-05-20","2013-05-26",3488,3488,0,13,18,0,21,52,0,0,109,109,161,NA,"Sporadic"
"United States of America","Region of the Americas of WHO","North America",2013,22,"2013-05-27","2013-06-02",3207,3207,0,14,14,0,28,56,0,0,92,92,148,NA,"Sporadic"
"United States of America","Region of the Americas of WHO","North America",2013,23,"2013-06-03","2013-06-09",3167,3167,0,10,12,0,29,51,0,0,78,78,129,NA,"Sporadic"
"United States of America","Region of the Americas of WHO","North America",2013,24,"2013-06-10","2013-06-16",2893,2893,0,20,12,0,32,64,0,0,62,62,126,NA,"Sporadic"
"United States of America","Region of the Americas of WHO","North America",2013,25,"2013-06-17","2013-06-23",2811,2811,0,5,10,0,31,48,0,0,47,47,95,NA,"Sporadic"
"United States of America","Region of the Americas of WHO","North America",2013,26,"2013-06-24","2013-06-30",2591,2591,0,6,5,0,21,38,0,0,27,27,65,NA,"Sporadic"
"United States of America","Region of the Americas of WHO","North America",2013,27,"2013-07-01","2013-07-07",2256,2256,0,6,12,0,22,44,0,0,23,23,67,NA,"Sporadic"
"United States of America","Region of the Americas of WHO","North America",2013,28,"2013-07-08","2013-07-14",2337,2337,0,6,27,0,33,66,0,0,13,13,79,NA,"Sporadic"
"United States of America","Region of the Americas of WHO","North America",2013,29,"2013-07-15","2013-07-21",2212,2212,0,5,12,0,24,42,0,0,14,14,56,NA,"Sporadic"
"United States of America","Region of the Americas of WHO","North America",2013,30,"2013-07-22","2013-07-28",2050,2050,0,11,10,0,29,51,0,0,9,9,60,NA,"Sporadic"
"United States of America","Region of the Americas of WHO","North America",2013,31,"2013-07-29","2013-08-04",2246,2246,0,8,14,0,31,55,0,0,20,20,75,NA,"Sporadic"
"United States of America","Region of the Americas of WHO","North America",2013,32,"2013-08-05","2013-08-11",2195,2195,0,14,11,0,26,51,0,0,12,12,63,NA,"Sporadic"
"United States of America","Region of the Americas of WHO","North America",2013,33,"2013-08-12","2013-08-18",1968,1968,0,13,3,0,32,48,0,0,10,10,58,NA,"Sporadic"
"United States of America","Region of the Americas of WHO","North America",2013,34,"2013-08-19","2013-08-25",2187,2187,0,9,4,0,41,55,0,0,3,3,58,NA,"Sporadic"
"United States of America","Region of the Americas of WHO","North America",2013,35,"2013-08-26","2013-09-01",2674,2674,0,39,3,0,67,110,0,0,10,10,120,NA,"Sporadic"
"United States of America","Region of the Americas of WHO","North America",2013,36,"2013-09-02","2013-09-08",2825,2825,0,23,5,0,73,101,0,0,12,12,113,NA,"Sporadic"
"United States of America","Region of the Americas of WHO","North America",2013,37,"2013-09-09","2013-09-15",3190,3190,0,48,7,0,60,115,0,0,7,7,122,NA,"Sporadic"
"United States of America","Region of the Americas of WHO","North America",2013,38,"2013-09-16","2013-09-22",3400,3400,0,32,7,0,56,95,0,0,22,22,117,NA,"Sporadic"
"United States of America","Region of the Americas of WHO","North America",2013,39,"2013-09-23","2013-09-29",3890,3890,0,49,10,0,56,115,0,0,22,22,137,NA,"Sporadic"
"United States of America","Region of the Americas of WHO","North America",2013,40,"2013-09-30","2013-10-06",4407,4407,0,64,10,0,84,159,0,0,26,26,185,NA,"Sporadic"
"United States of America","Region of the Americas of WHO","North America",2013,41,"2013-10-07","2013-10-13",5244,5244,0,57,21,0,115,193,0,0,28,28,221,NA,"Sporadic"
"United States of America","Region of the Americas of WHO","North America",2013,42,"2013-10-14","2013-10-20",5320,5320,0,34,12,0,104,150,0,0,25,25,175,NA,"Sporadic"
"United States of America","Region of the Americas of WHO","North America",2013,43,"2013-10-21","2013-10-27",5402,5402,0,65,16,0,102,183,0,0,14,14,197,NA,"Sporadic"
"United States of America","Region of the Americas of WHO","North America",2013,44,"2013-10-28","2013-11-03",5853,5853,0,74,24,0,135,233,0,0,41,41,274,NA,"Sporadic"
"United States of America","Region of the Americas of WHO","North America",2013,45,"2013-11-04","2013-11-10",6765,6765,0,150,28,0,173,351,0,0,43,43,394,NA,"Local Outbreak"
"United States of America","Region of the Americas of WHO","North America",2013,46,"2013-11-11","2013-11-17",6963,6963,0,265,25,0,191,481,0,0,39,39,520,NA,"Local Outbreak"
"United States of America","Region of the Americas of WHO","North America",2013,47,"2013-11-18","2013-11-24",7569,7569,0,417,20,0,211,648,0,0,55,55,703,NA,"Local Outbreak"
"United States of America","Region of the Americas of WHO","North America",2013,48,"2013-11-25","2013-12-01",7118,7118,0,465,28,0,330,823,0,0,40,40,863,NA,"Local Outbreak"
"United States of America","Region of the Americas of WHO","North America",2013,49,"2013-12-02","2013-12-08",9628,9628,0,899,30,0,726,1655,0,0,67,67,1722,NA,"Local Outbreak"
"United States of America","Region of the Americas of WHO","North America",2013,50,"2013-12-09","2013-12-15",9942,9942,0,1062,46,0,813,1921,0,0,47,47,1968,NA,"Local Outbreak"
"United States of America","Region of the Americas of WHO","North America",2013,51,"2013-12-16","2013-12-22",13165,13165,0,1996,50,0,1577,3623,0,0,62,62,3685,NA,"Widespread Outbreak"
"United States of America","Region of the Americas of WHO","North America",2013,52,"2013-12-23","2013-12-29",14631,14631,0,2663,39,0,1689,4391,0,0,87,87,4478,NA,"Widespread Outbreak"
"United States of America","Region of the Americas of WHO","North America",2014,1,"2013-12-30","2014-01-05",16955,16955,0,3317,79,0,1502,4898,0,0,84,84,4982,NA,"Widespread Outbreak"
"United States of America","Region of the Americas of WHO","North America",2014,2,"2014-01-06","2014-01-12",16829,16829,0,3204,104,0,1246,4554,0,0,82,82,4636,NA,"Widespread Outbreak"
"United States of America","Region of the Americas of WHO","North America",2014,3,"2014-01-13","2014-01-19",16051,16051,0,2907,107,0,1119,4133,0,0,110,110,4243,NA,"Widespread Outbreak"
"United States of America","Region of the Americas of WHO","North America",2014,4,"2014-01-20","2014-01-26",15130,15130,0,2341,118,0,1002,3461,0,0,152,152,3613,NA,"Widespread Outbreak"
"United States of America","Region of the Americas of WHO","North America",2014,5,"2014-01-27","2014-02-02",13460,13460,0,1735,77,0,743,2555,0,0,153,153,2708,NA,"Widespread Outbreak"
"United States of America","Region of the Americas of WHO","North America",2014,6,"2014-02-03","2014-02-09",12072,12072,0,1451,115,0,525,2091,0,0,198,198,2289,NA,"Widespread Outbreak"
"United States of America","Region of the Americas of WHO","North America",2014,7,"2014-02-10","2014-02-16",10991,10991,0,1056,91,0,466,1613,0,0,199,199,1812,NA,"Widespread Outbreak"
"United States of America","Region of the Americas of WHO","North America",2014,8,"2014-02-17","2014-02-23",10451,10451,0,741,85,0,327,1153,0,0,220,220,1373,NA,"Widespread Outbreak"
"United States of America","Region of the Americas of WHO","North America",2014,9,"2014-02-24","2014-03-02",9349,9349,0,454,85,0,250,789,0,0,237,237,1026,NA,"Regional Outbreak"
"United States of America","Region of the Americas of WHO","North America",2014,10,"2014-03-03","2014-03-09",8995,8995,0,390,99,0,204,693,0,0,281,281,974,NA,"Regional Outbreak"
"United States of America","Region of the Americas of WHO","North America",2014,11,"2014-03-10","2014-03-16",8282,8282,0,330,132,0,155,617,0,0,313,313,930,NA,"Regional Outbreak"
"United States of America","Region of the Americas of WHO","North America",2014,12,"2014-03-17","2014-03-23",7617,7617,0,187,149,0,181,517,0,0,402,402,919,NA,"Regional Outbreak"
"United States of America","Region of the Americas of WHO","North America",2014,13,"2014-03-24","2014-03-30",7327,7327,0,134,161,0,176,471,0,0,462,462,933,NA,"Local Outbreak"
"United States of America","Region of the Americas of WHO","North America",2014,14,"2014-03-31","2014-04-06",7024,7024,0,98,221,0,128,447,0,0,492,492,939,NA,"Local Outbreak"
"United States of America","Region of the Americas of WHO","North America",2014,15,"2014-04-07","2014-04-13",6661,6661,0,46,221,0,154,421,0,0,533,533,954,NA,"Local Outbreak"
"United States of America","Region of the Americas of WHO","North America",2014,16,"2014-04-14","2014-04-20",6167,6167,0,28,195,0,128,351,0,0,445,445,796,NA,"Local Outbreak"
"United States of America","Region of the Americas of WHO","North America",2014,17,"2014-04-21","2014-04-27",5521,5521,0,15,174,0,123,312,0,0,405,405,717,NA,"Local Outbreak"
"United States of America","Region of the Americas of WHO","North America",2014,18,"2014-04-28","2014-05-04",5571,5571,0,13,141,0,128,282,0,0,415,415,697,NA,"Sporadic"
"United States of America","Region of the Americas of WHO","North America",2014,19,"2014-05-05","2014-05-11",5221,5221,0,7,128,0,99,234,0,0,327,327,561,NA,"Local Outbreak"
"United States of America","Region of the Americas of WHO","North America",2014,20,"2014-05-12","2014-05-18",5044,5044,0,6,100,0,96,202,0,0,294,294,496,NA,"Local Outbreak"
"United States of America","Region of the Americas of WHO","North America",2014,21,"2014-05-19","2014-05-25",4544,4544,0,1,101,0,61,163,0,0,222,222,385,NA,"Sporadic"
"United States of America","Region of the Americas of WHO","North America",2014,22,"2014-05-26","2014-06-01",4516,4516,0,3,103,0,82,188,0,0,208,208,396,NA,"Sporadic"
"United States of America","Region of the Americas of WHO","North America",2014,23,"2014-06-02","2014-06-08",4063,4063,0,2,86,0,51,139,0,0,131,131,270,NA,"Local Outbreak"
"United States of America","Region of the Americas of WHO","North America",2014,24,"2014-06-09","2014-06-15",3963,3963,0,3,99,0,49,151,0,0,139,139,290,NA,"Local Outbreak"
"United States of America","Region of the Americas of WHO","North America",2014,25,"2014-06-16","2014-06-22",3694,3694,0,3,69,0,43,115,0,0,106,106,221,NA,"Sporadic"
"United States of America","Region of the Americas of WHO","North America",2014,26,"2014-06-23","2014-06-29",3358,3358,0,0,45,0,28,73,0,0,97,97,170,NA,"Local Outbreak"
"United States of America","Region of the Americas of WHO","North America",2014,27,"2014-06-30","2014-07-06",3020,3020,0,1,46,0,26,73,0,0,80,80,153,NA,"Sporadic"
"United States of America","Region of the Americas of WHO","North America",2014,28,"2014-07-07","2014-07-13",2917,2917,0,3,53,0,29,85,0,0,59,59,144,NA,"Local Outbreak"
"United States of America","Region of the Americas of WHO","North America",2014,29,"2014-07-14","2014-07-20",2764,2761,0,0,32,0,20,52,0,0,42,42,94,NA,"Local Outbreak"
"United States of America","Region of the Americas of WHO","North America",2014,30,"2014-07-21","2014-07-27",3042,3042,0,1,36,0,28,65,0,0,50,50,115,NA,"Sporadic"
"United States of America","Region of the Americas of WHO","North America",2014,31,"2014-07-28","2014-08-03",2827,2827,0,2,46,0,25,73,0,0,21,21,94,NA,"Sporadic"
"United States of America","Region of the Americas of WHO","North America",2014,32,"2014-08-04","2014-08-10",2820,2820,0,3,39,0,15,58,0,0,21,21,79,NA,"Sporadic"
"United States of America","Region of the Americas of WHO","North America",2014,33,"2014-08-11","2014-08-17",3241,3241,0,1,54,0,21,76,0,0,36,36,112,NA,"Sporadic"
"United States of America","Region of the Americas of WHO","North America",2014,34,"2014-08-18","2014-08-24",3304,3304,0,3,44,0,18,66,0,0,40,40,106,NA,"Sporadic"
"United States of America","Region of the Americas of WHO","North America",2014,35,"2014-08-25","2014-08-31",3915,3915,0,6,59,0,28,93,0,0,40,40,133,NA,"Sporadic"
"United States of America","Region of the Americas of WHO","North America",2014,36,"2014-09-01","2014-09-07",4147,4147,0,7,42,0,33,82,0,0,29,29,111,NA,"Sporadic"
"United States of America","Region of the Americas of WHO","North America",2014,37,"2014-09-08","2014-09-14",5231,5231,0,1,65,0,33,99,0,0,30,30,129,NA,"Sporadic"
"United States of America","Region of the Americas of WHO","North America",2014,38,"2014-09-15","2014-09-21",5592,5592,0,6,80,0,32,118,0,0,53,53,171,NA,"Sporadic"
"United States of America","Region of the Americas of WHO","North America",2014,39,"2014-09-22","2014-09-28",5809,5809,0,1,84,0,51,136,0,0,64,64,200,NA,"Sporadic"
"United States of America","Region of the Americas of WHO","North America",2014,40,"2014-09-29","2014-10-05",9567,9567,0,2,100,0,97,199,0,0,110,110,309,NA,"Sporadic"
"United States of America","Region of the Americas of WHO","North America",2014,41,"2014-10-06","2014-10-12",11036,11036,0,5,125,0,149,279,0,0,160,160,439,NA,"Sporadic"
"United States of America","Region of the Americas of WHO","North America",2014,42,"2014-10-13","2014-10-19",11729,11729,0,7,226,0,186,420,0,0,164,164,584,NA,"Local Outbreak"
"United States of America","Region of the Americas of WHO","North America",2014,43,"2014-10-20","2014-10-26",11385,11385,0,5,212,0,200,417,0,0,127,127,544,NA,"Sporadic"
"United States of America","Region of the Americas of WHO","North America",2014,44,"2014-10-27","2014-11-02",11525,11525,0,4,295,0,292,591,0,0,135,135,726,NA,"Sporadic"
"United States of America","Region of the Americas of WHO","North America",2014,45,"2014-11-03","2014-11-09",12918,12918,0,6,506,0,489,1001,0,0,155,155,1156,NA,"Sporadic"
"United States of America","Region of the Americas of WHO","North America",2014,46,"2014-11-10","2014-11-16",13776,13776,0,8,632,0,629,1269,0,0,147,147,1416,NA,"Sporadic"
"United States of America","Region of the Americas of WHO","North America",2014,47,"2014-11-17","2014-11-23",16166,16166,0,5,1001,0,1233,2239,0,0,163,163,2402,NA,"Regional Outbreak"
"United States of America","Region of the Americas of WHO","North America",2014,48,"2014-11-24","2014-11-30",18504,18504,0,8,1538,0,1878,3424,0,0,200,200,3624,NA,"Widespread Outbreak"
"United States of America","Region of the Americas of WHO","North America",2014,49,"2014-12-01","2014-12-07",21961,21961,0,11,2296,0,2398,4705,0,0,242,242,4947,NA,"Widespread Outbreak"
"United States of America","Region of the Americas of WHO","North America",2014,50,"2014-12-08","2014-12-14",29214,29214,0,6,3814,0,4047,7867,0,0,315,315,8182,NA,"Widespread Outbreak"
"United States of America","Region of the Americas of WHO","North America",2014,51,"2014-12-15","2014-12-21",37109,37109,0,4,4972,0,6163,11139,0,0,325,325,11464,NA,"Widespread Outbreak"
"United States of America","Region of the Americas of WHO","North America",2014,52,"2014-12-22","2014-12-28",42466,42466,0,10,5498,0,7847,13355,0,0,392,392,13747,NA,"Widespread Outbreak"
"United States of America","Region of the Americas of WHO","North America",2015,1,"2014-12-29","2015-01-04",41579,41579,0,10,5292,0,5695,10997,0,0,409,409,11406,NA,"Widespread Outbreak"
"United States of America","Region of the Americas of WHO","North America",2015,2,"2015-01-05","2015-01-11",38493,38493,0,10,4901,0,3955,8866,0,0,372,372,9238,NA,"Widespread Outbreak"
"United States of America","Region of the Americas of WHO","North America",2015,3,"2015-01-12","2015-01-18",35593,35593,0,8,4584,0,3580,8172,0,0,473,473,8645,NA,"Widespread Outbreak"
"United States of America","Region of the Americas of WHO","North America",2015,4,"2015-01-19","2015-01-25",34191,34191,0,4,3917,0,3513,7435,0,0,548,548,7983,NA,"Widespread Outbreak"
"United States of America","Region of the Americas of WHO","North America",2015,5,"2015-01-26","2015-02-01",32001,32001,0,10,3475,0,2789,6274,0,0,606,606,6880,NA,"Widespread Outbreak"
"United States of America","Region of the Americas of WHO","North America",2015,6,"2015-02-02","2015-02-08",29578,29578,0,10,2719,0,2170,4899,0,0,723,723,5622,NA,"Widespread Outbreak"
"United States of America","Region of the Americas of WHO","North America",2015,7,"2015-02-09","2015-02-15",26986,26986,0,7,1744,0,1575,3326,0,0,869,869,4195,NA,"Widespread Outbreak"
"United States of America","Region of the Americas of WHO","North America",2015,8,"2015-02-16","2015-02-22",24292,24292,0,10,1242,0,1108,2360,0,0,1009,1009,3369,NA,"Widespread Outbreak"
"United States of America","Region of the Americas of WHO","North America",2015,9,"2015-02-23","2015-03-01",22293,22293,0,18,954,0,740,1712,0,0,1127,1127,2839,NA,"Widespread Outbreak"
"United States of America","Region of the Americas of WHO","North America",2015,10,"2015-03-02","2015-03-08",20419,20419,0,5,774,0,557,1336,0,0,1352,1352,2688,NA,"Widespread Outbreak"
"United States of America","Region of the Americas of WHO","North America",2015,11,"2015-03-09","2015-03-15",19843,19843,0,7,458,0,405,870,0,0,1654,1654,2524,NA,"Widespread Outbreak"
"United States of America","Region of the Americas of WHO","North America",2015,12,"2015-03-16","2015-03-22",18418,18418,0,2,340,0,302,644,0,0,1564,1564,2208,NA,"Regional Outbreak"
"United States of America","Region of the Americas of WHO","North America",2015,13,"2015-03-23","2015-03-29",16980,16980,0,7,227,0,197,431,0,0,1479,1479,1910,NA,"Regional Outbreak"
"United States of America","Region of the Americas of WHO","North America",2015,14,"2015-03-30","2015-04-05",15123,15123,0,4,168,0,119,291,0,0,1375,1375,1666,NA,"Regional Outbreak"
"United States of America","Region of the Americas of WHO","North America",2015,15,"2015-04-06","2015-04-12",14741,14741,0,7,87,0,107,201,0,0,1271,1271,1472,NA,"Local Outbreak"
"United States of America","Region of the Americas of WHO","North America",2015,16,"2015-04-13","2015-04-19",13389,13389,0,13,66,0,79,158,0,0,969,969,1127,NA,"Sporadic"
"United States of America","Region of the Americas of WHO","North America",2015,17,"2015-04-20","2015-04-26",11872,11872,0,1,48,0,40,89,0,0,683,683,772,NA,"Local Outbreak"
"United States of America","Region of the Americas of WHO","North America",2015,18,"2015-04-27","2015-05-03",10769,10769,0,4,26,0,36,67,0,0,543,543,610,NA,"Sporadic"
"United States of America","Region of the Americas of WHO","North America",2015,19,"2015-05-04","2015-05-10",9784,9784,0,2,12,0,19,33,0,0,494,494,527,NA,"Sporadic"
"United States of America","Region of the Americas of WHO","North America",2015,20,"2015-05-11","2015-05-17",9188,9188,0,2,16,0,26,44,0,0,340,340,384,NA,"Sporadic"
"United States of America","Region of the Americas of WHO","North America",2015,21,"2015-05-18","2015-05-24",8412,8412,0,0,21,0,19,40,0,0,267,267,307,NA,"Sporadic"
"United States of America","Region of the Americas of WHO","North America",2015,22,"2015-05-25","2015-05-31",7747,7747,0,1,20,0,21,42,0,0,184,184,226,NA,"Sporadic"
"United States of America","Region of the Americas of WHO","North America",2015,23,"2015-06-01","2015-06-07",6991,6991,0,0,20,0,22,42,0,0,151,151,193,NA,"Sporadic"
"United States of America","Region of the Americas of WHO","North America",2015,24,"2015-06-08","2015-06-14",6724,6724,0,1,20,0,28,49,0,0,129,129,178,NA,"Sporadic"
"United States of America","Region of the Americas of WHO","North America",2015,25,"2015-06-15","2015-06-21",6132,6132,0,2,50,0,22,74,0,0,78,78,152,NA,"Sporadic"
"United States of America","Region of the Americas of WHO","North America",2015,26,"2015-06-22","2015-06-28",5557,5557,0,0,51,0,24,75,0,0,46,46,121,NA,"Sporadic"
"United States of America","Region of the Americas of WHO","North America",2015,27,"2015-06-29","2015-07-05",5230,5230,0,2,59,0,35,96,0,0,33,33,129,NA,"Sporadic"
"United States of America","Region of the Americas of WHO","North America",2015,28,"2015-07-06","2015-07-12",5253,5253,0,4,40,0,18,63,0,0,36,36,99,NA,"Sporadic"
"United States of America","Region of the Americas of WHO","North America",2015,29,"2015-07-13","2015-07-19",5034,5034,0,3,35,0,11,49,0,0,37,37,86,NA,"Sporadic"
"United States of America","Region of the Americas of WHO","North America",2015,30,"2015-07-20","2015-07-26",4802,4802,0,4,34,0,19,57,0,0,23,23,80,NA,"Sporadic"
"United States of America","Region of the Americas of WHO","North America",2015,31,"2015-07-27","2015-08-02",4785,4785,0,0,44,0,23,67,0,0,10,10,77,NA,"Sporadic"
"United States of America","Region of the Americas of WHO","North America",2015,32,"2015-08-03","2015-08-09",4781,4781,0,4,50,0,20,74,0,0,17,17,91,NA,"Sporadic"
"United States of America","Region of the Americas of WHO","North America",2015,33,"2015-08-10","2015-08-16",4857,4857,0,3,33,0,30,66,0,0,13,13,79,NA,"Sporadic"
"United States of America","Region of the Americas of WHO","North America",2015,34,"2015-08-17","2015-08-23",5118,5118,0,2,53,0,25,80,0,0,16,16,96,NA,"Sporadic"
"United States of America","Region of the Americas of WHO","North America",2015,35,"2015-08-24","2015-08-30",5322,5322,0,3,42,0,33,78,0,0,20,20,98,NA,"Sporadic"
"United States of America","Region of the Americas of WHO","North America",2015,36,"2015-08-31","2015-09-06",5979,5979,0,3,63,0,41,107,0,0,27,27,134,NA,"Sporadic"
"United States of America","Region of the Americas of WHO","North America",2015,37,"2015-09-07","2015-09-13",6493,6493,0,1,70,0,32,103,0,0,28,28,131,NA,"Sporadic"
"United States of America","Region of the Americas of WHO","North America",2015,38,"2015-09-14","2015-09-20",6854,6854,0,3,76,0,55,134,0,0,33,33,167,NA,"Sporadic"
"United States of America","Region of the Americas of WHO","North America",2015,39,"2015-09-21","2015-09-27",7253,7253,0,0,27,0,55,82,0,0,33,33,115,NA,"Sporadic"
"United States of America","Region of the Americas of WHO","North America",2015,40,"2015-09-28","2015-10-04",6354,6354,0,6,17,0,50,73,0,0,32,32,105,NA,"Sporadic"
"United States of America","Region of the Americas of WHO","North America",2015,41,"2015-10-05","2015-10-11",13168,13168,0,4,65,NA,86,155,1,0,53,54,209,12959,"Sporadic"
"United States of America","Region of the Americas of WHO","North America",2015,42,"2015-10-12","2015-10-18",14263,14263,0,5,41,NA,118,164,0,3,61,64,228,14035,"Sporadic"
"United States of America","Region of the Americas of WHO","North America",2015,43,"2015-10-19","2015-10-25",14639,14639,0,10,50,NA,98,158,2,3,60,65,223,14416,"Sporadic"
"United States of America","Region of the Americas of WHO","North America",2015,44,"2015-10-26","2015-11-01",14781,14781,0,9,31,NA,102,142,4,1,61,66,208,14573,"Sporadic"
"United States of America","Region of the Americas of WHO","North America",2015,45,"2015-11-02","2015-11-08",16152,16152,0,4,23,NA,101,128,4,1,77,82,210,15942,"Sporadic"
"United States of America","Region of the Americas of WHO","North America",2015,46,"2015-11-09","2015-11-15",16441,16441,0,11,34,NA,123,168,2,4,96,102,270,16171,"Local Outbreak"
"United States of America","Region of the Americas of WHO","North America",2015,47,"2015-11-16","2015-11-22",16708,16708,0,17,42,NA,85,144,4,0,102,106,250,16458,"No Report"
"United States of America","Region of the Americas of WHO","North America",2015,48,"2015-11-23","2015-11-29",16391,16391,0,17,24,NA,119,160,9,3,96,108,268,16123,"No Report"
"United States of America","Region of the Americas of WHO","North America",2015,49,"2015-11-30","2015-12-06",17751,17751,0,27,36,NA,148,211,12,3,90,105,316,17435,"No Report"
"United States of America","Region of the Americas of WHO","North America",2015,50,"2015-12-07","2015-12-13",18191,18191,0,38,37,NA,143,218,11,2,117,130,348,17843,"No Report"
"United States of America","Region of the Americas of WHO","North America",2015,51,"2015-12-14","2015-12-20",18833,18833,0,69,39,NA,244,352,19,4,202,225,577,18256,"No Report"
"United States of America","Region of the Americas of WHO","North America",2015,52,"2015-12-21","2015-12-27",18123,18123,0,89,33,NA,221,343,28,3,178,209,552,17571,"No Report"
"United States of America","Region of the Americas of WHO","North America",2015,53,"2015-12-28","2016-01-03",20350,20350,0,146,56,NA,265,467,35,9,213,257,724,19626,"No Report"
"United States of America","Region of the Americas of WHO","North America",2016,1,"2016-01-04","2016-01-10",21627,21627,0,232,68,NA,398,698,52,12,198,262,960,20667,"No Report"
"United States of America","Region of the Americas of WHO","North America",2016,2,"2016-01-11","2016-01-17",20437,20437,0,256,89,NA,576,921,60,23,271,354,1275,19162,"No Report"
"United States of America","Region of the Americas of WHO","North America",2016,3,"2016-01-18","2016-01-24",20744,20744,0,361,100,NA,729,1190,83,25,360,468,1658,19086,"No Report"
"United States of America","Region of the Americas of WHO","North America",2016,4,"2016-01-25","2016-01-31",23359,23359,0,526,160,NA,1050,1736,104,28,509,641,2377,20982,"No Report"
"United States of America","Region of the Americas of WHO","North America",2016,5,"2016-02-01","2016-02-07",24988,24988,0,672,171,NA,1585,2428,143,62,685,890,3318,21670,"No Report"
"United States of America","Region of the Americas of WHO","North America",2016,6,"2016-02-08","2016-02-14",28136,28136,0,891,236,NA,2282,3409,206,71,1025,1302,4711,23425,"No Report"
"United States of America","Region of the Americas of WHO","North America",2016,7,"2016-02-15","2016-02-21",31106,31106,0,1340,256,NA,3154,4750,309,103,1271,1683,6433,24673,"No Report"
"United States of America","Region of the Americas of WHO","North America",2016,8,"2016-02-22","2016-02-28",35517,35517,0,1672,232,NA,4438,6342,383,156,1491,2030,8372,27145,"No Report"
"United States of America","Region of the Americas of WHO","North America",2016,9,"2016-02-29","2016-03-06",38567,38567,0,1886,313,NA,5555,7754,347,143,1840,2330,10084,28483,"No Report"
"United States of America","Region of the Americas of WHO","North America",2016,10,"2016-03-07","2016-03-13",41876,41876,0,2173,313,NA,6726,9212,333,162,2264,2759,11971,29905,"No Report"
"United States of America","Region of the Americas of WHO","North America",2016,11,"2016-03-14","2016-03-20",38344,38344,0,1514,213,NA,5071,6798,278,154,1975,2407,9205,29139,"No Report"
"United States of America","Region of the Americas of WHO","North America",2016,12,"2016-03-21","2016-03-27",33518,33518,0,1058,198,NA,3938,5194,207,117,1837,2161,7355,26163,"No Report"
"United States of America","Region of the Americas of WHO","North America",2016,13,"2016-03-28","2016-04-03",30674,30674,0,807,180,NA,2998,3985,211,127,1722,2060,6045,24629,"No Report"
"United States of America","Region of the Americas of WHO","North America",2016,14,"2016-04-04","2016-04-10",26382,26382,0,534,135,NA,2004,2673,163,106,1563,1832,4505,21877,"No Report"
"United States of America","Region of the Americas of WHO","North America",2016,15,"2016-04-11","2016-04-17",23773,23773,0,383,117,NA,1522,2022,162,88,1512,1762,3784,19989,"No Report"
"United States of America","Region of the Americas of WHO","North America",2016,16,"2016-04-18","2016-04-24",21676,21676,0,276,127,NA,1139,1542,163,86,1487,1736,3278,18398,"No Report"
"United States of America","Region of the Americas of WHO","North America",2016,17,"2016-04-25","2016-05-01",19461,19461,0,167,98,NA,706,971,119,78,1237,1434,2405,17056,"No Report"
"United States of America","Region of the Americas of WHO","North America",2016,18,"2016-05-02","2016-05-08",16505,16505,0,77,59,NA,429,565,82,53,902,1037,1602,14903,"No Report"
"United States of America","Region of the Americas of WHO","North America",2016,19,"2016-05-09","2016-05-15",15109,15109,0,53,62,NA,282,397,71,36,715,822,1219,13890,"No Report"
"United States of America","Region of the Americas of WHO","North America",2016,20,"2016-05-16","2016-05-22",13361,13361,0,35,77,NA,228,340,50,14,549,613,953,12408,"No Report"
"United States of America","Region of the Americas of WHO","North America",2016,21,"2016-05-23","2016-05-29",12230,12230,0,16,44,NA,141,201,32,22,438,492,693,11537,"No Report"
"United States of America","Region of the Americas of WHO","North America",2016,22,"2016-05-30","2016-06-05",10549,10549,0,4,13,NA,83,100,35,14,250,299,399,10150,"No Report"
"United States of America","Region of the Americas of WHO","North America",2016,23,"2016-06-06","2016-06-12",9636,9636,0,5,15,NA,71,91,17,6,221,244,335,9301,"No Report"
"United States of America","Region of the Americas of WHO","North America",2016,24,"2016-06-13","2016-06-19",8788,8788,0,7,18,NA,59,84,10,6,100,116,200,8588,"No Report"
"United States of America","Region of the Americas of WHO","North America",2016,25,"2016-06-20","2016-06-26",7737,7737,0,5,22,NA,44,71,11,9,93,113,184,7553,"No Report"
"United States of America","Region of the Americas of WHO","North America",2016,26,"2016-06-27","2016-07-03",6623,6623,0,3,18,NA,29,50,9,6,55,70,120,6503,"No Report"
"United States of America","Region of the Americas of WHO","North America",2016,27,"2016-07-04","2016-07-10",6249,6249,0,2,18,NA,24,44,9,5,35,49,93,6156,"No Report"
"United States of America","Region of the Americas of WHO","North America",2016,28,"2016-07-11","2016-07-17",6619,6619,0,1,21,NA,25,47,11,2,34,47,94,6525,"No Report"
"United States of America","Region of the Americas of WHO","North America",2016,29,"2016-07-18","2016-07-24",6185,6185,0,2,18,NA,25,45,10,0,30,40,85,6100,"No Report"
"United States of America","Region of the Americas of WHO","North America",2016,30,"2016-07-25","2016-07-31",6054,6054,0,2,38,NA,20,60,10,2,27,39,99,5954,"No Report"
"United States of America","Region of the Americas of WHO","North America",2016,31,"2016-08-01","2016-08-07",6026,6026,0,1,45,NA,35,81,4,1,20,25,106,5917,"No Report"
"United States of America","Region of the Americas of WHO","North America",2016,32,"2016-08-08","2016-08-14",6124,6124,0,6,28,NA,22,56,12,3,31,46,102,6012,"No Report"
"United States of America","Region of the Americas of WHO","North America",2016,33,"2016-08-15","2016-08-21",6350,6350,0,1,29,NA,27,57,7,1,24,32,89,6257,"No Report"
"United States of America","Region of the Americas of WHO","North America",2016,34,"2016-08-22","2016-08-28",6628,6628,0,5,28,NA,63,96,6,2,27,35,131,6497,"No Report"
"United States of America","Region of the Americas of WHO","North America",2016,35,"2016-08-29","2016-09-04",7501,7501,0,7,33,NA,78,118,2,4,46,52,170,7331,"No Report"
"United States of America","Region of the Americas of WHO","North America",2016,36,"2016-09-05","2016-09-11",8132,8132,0,3,45,NA,57,105,3,1,62,66,171,7961,"No Report"
"United States of America","Region of the Americas of WHO","North America",2016,37,"2016-09-12","2016-09-18",9280,9280,0,8,55,NA,76,139,6,4,68,78,217,9063,"No Report"
"United States of America","Region of the Americas of WHO","North America",2016,38,"2016-09-19","2016-09-25",10040,10040,0,6,77,NA,97,180,5,3,75,83,263,9777,"No Report"
"United States of America","Region of the Americas of WHO","North America",2016,39,"2016-09-26","2016-10-02",11292,11292,0,5,73,NA,107,185,0,11,88,99,284,11008,"No Report"
"United States of America","Region of the Americas of WHO","North America",2016,40,"2016-10-03","2016-10-09",14278,14278,0,9,87,NA,120,216,4,5,91,100,316,13962,"No Report"
"United States of America","Region of the Americas of WHO","North America",2016,41,"2016-10-10","2016-10-16",15023,15023,0,11,81,NA,108,200,6,7,86,99,299,14724,"No Report"
"United States of America","Region of the Americas of WHO","North America",2016,42,"2016-10-17","2016-10-23",16250,16250,0,12,134,NA,117,263,10,8,98,116,379,15871,"No Report"
"United States of America","Region of the Americas of WHO","North America",2016,43,"2016-10-24","2016-10-30",16480,16480,0,13,130,NA,144,287,3,3,94,100,387,16093,"No Report"
"United States of America","Region of the Americas of WHO","North America",2016,44,"2016-10-31","2016-11-06",17948,17948,0,12,122,NA,204,338,7,10,121,138,476,17472,"No Report"
"United States of America","Region of the Americas of WHO","North America",2016,45,"2016-11-07","2016-11-13",19086,19086,0,5,155,NA,272,432,1,6,126,133,565,18521,"No Report"
"United States of America","Region of the Americas of WHO","North America",2016,46,"2016-11-14","2016-11-20",20411,20411,0,9,189,NA,349,547,1,7,157,165,712,19699,"No Report"
"United States of America","Region of the Americas of WHO","North America",2016,47,"2016-11-21","2016-11-27",19618,19618,0,5,164,NA,465,634,3,4,179,186,820,18798,"No Report"
"United States of America","Region of the Americas of WHO","North America",2016,48,"2016-11-28","2016-12-04",23255,23255,0,13,318,NA,543,874,5,17,201,223,1097,22158,"No Report"
"United States of America","Region of the Americas of WHO","North America",2016,49,"2016-12-05","2016-12-11",22444,22444,0,14,479,NA,699,1192,7,20,183,210,1402,21042,"No Report"
"United States of America","Region of the Americas of WHO","North America",2016,50,"2016-12-12","2016-12-18",25720,25720,0,18,750,NA,1368,2136,18,27,226,271,2407,23313,"No Report"
"United States of America","Region of the Americas of WHO","North America",2016,51,"2016-12-19","2016-12-25",29439,29439,0,29,1016,NA,2574,3619,28,38,357,423,4042,25397,"No Report"
"United States of America","Region of the Americas of WHO","North America",2016,52,"2016-12-26","2017-01-01",36560,36560,0,32,1676,NA,4301,6009,37,59,401,497,6506,30054,"No Report"
"United States of America","Region of the Americas of WHO","North America",2017,1,"2017-01-02","2017-01-08",38960,38960,0,53,2067,NA,4301,6421,60,47,405,512,6933,32027,"No Report"
"United States of America","Region of the Americas of WHO","North America",2017,2,"2017-01-09","2017-01-15",39546,39546,0,49,2210,NA,4965,7224,76,49,501,626,7850,31696,"No Report"
"United States of America","Region of the Americas of WHO","North America",2017,3,"2017-01-16","2017-01-22",41010,41010,0,57,2253,NA,6086,8396,104,69,681,854,9250,31760,"No Report"
"United States of America","Region of the Americas of WHO","North America",2017,4,"2017-01-23","2017-01-29",42620,42620,0,47,2431,NA,6283,8761,123,71,827,1021,9782,32838,"No Report"
"United States of America","Region of the Americas of WHO","North America",2017,5,"2017-01-30","2017-02-05",46521,46521,0,51,2596,NA,7809,10456,182,96,1147,1425,11881,34640,"No Report"
"United States of America","Region of the Americas of WHO","North America",2017,6,"2017-02-06","2017-02-12",53516,53516,0,71,2975,NA,9725,12771,240,126,1937,2303,15074,38442,"No Report"
"United States of America","Region of the Americas of WHO","North America",2017,7,"2017-02-13","2017-02-19",54691,54691,0,68,2617,NA,9563,12248,300,152,2656,3108,15356,39335,"No Report"
"United States of America","Region of the Americas of WHO","North America",2017,8,"2017-02-20","2017-02-26",52446,52446,0,87,2364,NA,8775,11226,357,159,3041,3557,14783,37663,"No Report"
"United States of America","Region of the Americas of WHO","North America",2017,9,"2017-02-27","2017-03-05",44426,44426,0,54,1492,NA,5618,7164,358,149,2491,2998,10162,34264,"No Report"
"United States of America","Region of the Americas of WHO","North America",2017,10,"2017-03-06","2017-03-12",42112,42112,0,50,1256,NA,4647,5953,389,138,2892,3419,9372,32740,"No Report"
"United States of America","Region of the Americas of WHO","North America",2017,11,"2017-03-13","2017-03-19",39836,39836,0,28,909,NA,3806,4743,440,141,3295,3876,8619,31217,"No Report"
"United States of America","Region of the Americas of WHO","North America",2017,12,"2017-03-20","2017-03-26",38400,38400,0,31,843,NA,3225,4099,523,193,3839,4555,8654,29746,"No Report"
"United States of America","Region of the Americas of WHO","North America",2017,13,"2017-03-27","2017-04-02",35530,35530,0,27,655,NA,2348,3030,576,143,3876,4595,7625,27905,"No Report"
"United States of America","Region of the Americas of WHO","North America",2017,14,"2017-04-03","2017-04-09",31021,31021,0,17,374,NA,1447,1838,450,117,3119,3686,5524,25497,"No Report"
"United States of America","Region of the Americas of WHO","North America",2017,15,"2017-04-10","2017-04-16",26720,26720,0,5,221,NA,903,1129,383,66,2364,2813,3942,22778,"No Report"
"United States of America","Region of the Americas of WHO","North America",2017,16,"2017-04-17","2017-04-23",23640,23640,0,11,144,NA,569,724,250,54,1656,1960,2684,20956,"No Report"
"United States of America","Region of the Americas of WHO","North America",2017,17,"2017-04-24","2017-04-30",20099,20099,0,7,133,NA,328,468,181,51,995,1227,1695,18404,"No Report"
"United States of America","Region of the Americas of WHO","North America",2017,18,"2017-05-01","2017-05-07",17267,17267,0,5,83,NA,254,342,131,31,749,911,1253,16014,"No Report"
"United States of America","Region of the Americas of WHO","North America",2017,19,"2017-05-08","2017-05-14",16191,16191,0,3,97,NA,234,334,117,38,620,775,1109,15082,"No Report"
"United States of America","Region of the Americas of WHO","North America",2017,20,"2017-05-15","2017-05-21",15080,15080,0,5,63,NA,217,285,114,33,512,659,944,14136,"No Report"
"United States of America","Region of the Americas of WHO","North America",2017,21,"2017-05-22","2017-05-28",13461,13461,0,6,41,NA,180,227,80,26,401,507,734,12727,"No Report"
"United States of America","Region of the Americas of WHO","North America",2017,22,"2017-05-29","2017-06-04",12194,12194,0,1,39,NA,171,211,60,51,331,442,653,11541,"No Report"
"United States of America","Region of the Americas of WHO","North America",2017,23,"2017-06-05","2017-06-11",11119,11119,0,5,33,NA,136,174,63,22,244,329,503,10616,"No Report"
"United States of America","Region of the Americas of WHO","North America",2017,24,"2017-06-12","2017-06-18",9966,9966,0,8,43,NA,132,183,45,11,171,227,410,9556,"No Report"
"United States of America","Region of the Americas of WHO","North America",2017,25,"2017-06-19","2017-06-25",8843,8843,0,5,40,NA,107,152,31,11,125,167,319,8524,"No Report"
"United States of America","Region of the Americas of WHO","North America",2017,26,"2017-06-26","2017-07-02",7859,7859,0,5,39,NA,95,139,21,4,103,128,267,7592,"No Report"
"United States of America","Region of the Americas of WHO","North America",2017,27,"2017-07-03","2017-07-09",7366,7366,0,10,29,NA,75,114,7,7,83,97,211,7155,"No Report"
"United States of America","Region of the Americas of WHO","North America",2017,28,"2017-07-10","2017-07-16",7741,7741,0,4,31,NA,92,127,9,5,79,93,220,7519,"No Report"
"United States of America","Region of the Americas of WHO","North America",2017,29,"2017-07-17","2017-07-23",7532,7532,0,8,26,NA,87,121,7,0,54,61,182,7341,"No Report"
"United States of America","Region of the Americas of WHO","North America",2017,30,"2017-07-24","2017-07-30",7122,7122,0,7,31,NA,76,114,21,1,53,75,189,6933,"No Report"
"United States of America","Region of the Americas of WHO","North America",2017,31,"2017-07-31","2017-08-06",7110,7110,0,8,41,NA,96,145,8,0,38,46,191,6914,"No Report"
"United States of America","Region of the Americas of WHO","North America",2017,32,"2017-08-07","2017-08-13",7266,7266,0,6,42,NA,77,125,20,0,62,82,207,7058,"No Report"
"United States of America","Region of the Americas of WHO","North America",2017,33,"2017-08-14","2017-08-20",7949,7949,0,5,32,NA,65,102,9,0,41,50,152,7797,"No Report"
"United States of America","Region of the Americas of WHO","North America",2017,34,"2017-08-21","2017-08-27",8570,8570,0,6,54,NA,82,142,9,1,47,57,199,8371,"No Report"
"United States of America","Region of the Americas of WHO","North America",2017,35,"2017-08-28","2017-09-03",9890,9890,0,18,64,NA,121,203,0,0,69,69,272,9618,"No Report"
"United States of America","Region of the Americas of WHO","North America",2017,36,"2017-09-04","2017-09-10",10850,10850,0,12,105,NA,130,247,13,0,71,84,331,10519,"No Report"
"United States of America","Region of the Americas of WHO","North America",2017,37,"2017-09-11","2017-09-17",12321,12321,0,8,109,NA,148,265,17,2,86,105,370,11951,"No Report"
"United States of America","Region of the Americas of WHO","North America",2017,38,"2017-09-18","2017-09-24",13529,13529,0,2,101,NA,140,243,18,1,85,104,347,13165,"No Report"
"United States of America","Region of the Americas of WHO","North America",2017,39,"2017-09-25","2017-10-01",14583,14583,0,10,119,NA,156,285,10,0,80,90,375,14184,"No Report"
"United States of America","Region of the Americas of WHO","North America",2017,40,"2017-10-02","2017-10-08",16573,16573,0,13,123,NA,233,369,16,0,117,133,502,16070,"No Report"
"United States of America","Region of the Americas of WHO","North America",2017,41,"2017-10-09","2017-10-15",17636,17636,0,14,143,NA,256,413,13,4,104,121,534,17102,"No Report"
"United States of America","Region of the Americas of WHO","North America",2017,42,"2017-10-16","2017-10-22",19061,19061,0,14,173,NA,278,465,11,1,112,124,589,18472,"No Report"
"United States of America","Region of the Americas of WHO","North America",2017,43,"2017-10-23","2017-10-29",19864,19864,0,26,180,NA,364,570,21,1,148,170,740,19124,"No Report"
"United States of America","Region of the Americas of WHO","North America",2017,44,"2017-10-30","2017-11-05",21606,21606,0,24,249,NA,518,791,36,3,236,275,1066,20540,"No Report"
"United States of America","Region of the Americas of WHO","North America",2017,45,"2017-11-06","2017-11-12",23440,23440,0,29,315,NA,690,1034,33,4,252,289,1323,22117,"No Report"
"United States of America","Region of the Americas of WHO","North America",2017,46,"2017-11-13","2017-11-19",25670,25670,0,56,405,NA,941,1402,61,5,351,417,1819,23851,"No Report"
"United States of America","Region of the Americas of WHO","North America",2017,47,"2017-11-20","2017-11-26",25441,25441,0,41,490,NA,1338,1869,60,5,363,428,2297,23144,"No Report"
"United States of America","Region of the Americas of WHO","North America",2017,48,"2017-11-27","2017-12-03",29582,29582,0,61,787,NA,1563,2411,108,8,456,572,2983,26598,"No Report"
"United States of America","Region of the Americas of WHO","North America",2017,49,"2017-12-04","2017-12-10",33552,33552,0,72,1055,NA,2483,3610,103,16,858,977,4587,28965,"No Report"
"United States of America","Region of the Americas of WHO","North America",2017,50,"2017-12-11","2017-12-17",38752,38752,0,137,1515,NA,4571,6223,174,36,883,1093,7316,31436,"No Report"
"United States of America","Region of the Americas of WHO","North America",2017,51,"2017-12-18","2017-12-24",52824,52824,0,240,2491,NA,9256,11987,258,39,1776,2073,14060,38764,"No Report"
"United States of America","Region of the Americas of WHO","North America",2017,52,"2017-12-25","2017-12-31",60942,60942,0,279,2984,NA,12031,15294,372,35,2192,2599,17893,43049,"No Report"
"United States of America","Region of the Americas of WHO","North America",2018,1,"2018-01-01","2018-01-07",67726,67726,0,320,3295,NA,13057,16672,463,45,2700,3208,19880,47846,"No Report"
"United States of America","Region of the Americas of WHO","North America",2018,2,"2018-01-08","2018-01-14",75195,75195,0,393,3336,NA,15219,18948,534,42,3409,3985,22933,52262,"No Report"
"United States of America","Region of the Americas of WHO","North America",2018,3,"2018-01-15","2018-01-21",75417,75417,0,406,2727,NA,14832,17965,536,47,4094,4677,22642,52775,"No Report"
"United States of America","Region of the Americas of WHO","North America",2018,4,"2018-01-22","2018-01-28",87245,87245,0,540,2749,NA,16672,19961,718,58,5581,6357,26318,60927,"No Report"
"United States of America","Region of the Americas of WHO","North America",2018,5,"2018-01-29","2018-02-04",88743,88743,0,542,2494,NA,15234,18270,804,91,7221,8116,26386,62357,"No Report"
"United States of America","Region of the Americas of WHO","North America",2018,6,"2018-02-05","2018-02-11",87883,87883,0,544,2040,NA,14148,16732,931,113,8187,9231,25963,61920,"No Report"
"United States of America","Region of the Americas of WHO","North America",2018,7,"2018-02-12","2018-02-18",80481,80481,0,495,1511,NA,11395,13401,931,115,8461,9507,22908,57573,"No Report"
"United States of America","Region of the Americas of WHO","North America",2018,8,"2018-02-19","2018-02-25",64580,64580,0,306,1073,NA,7196,8575,891,116,6645,7652,16227,48353,"No Report"
"United States of America","Region of the Americas of WHO","North America",2018,9,"2018-02-26","2018-03-04",52069,52069,0,246,588,NA,4417,5251,699,88,4763,5550,10801,41268,"No Report"
"United States of America","Region of the Americas of WHO","North America",2018,10,"2018-03-05","2018-03-11",44035,44035,0,144,411,NA,2922,3477,646,88,3706,4440,7917,36118,"No Report"
"United States of America","Region of the Americas of WHO","North America",2018,11,"2018-03-12","2018-03-18",39323,39323,0,188,277,NA,2374,2839,542,70,3558,4170,7009,32314,"No Report"
"United States of America","Region of the Americas of WHO","North America",2018,12,"2018-03-19","2018-03-25",35690,35690,0,120,234,NA,2033,2387,467,52,3232,3751,6138,29552,"No Report"
"United States of America","Region of the Americas of WHO","North America",2018,13,"2018-03-26","2018-04-01",32633,32633,0,132,220,NA,1716,2068,455,62,3034,3551,5619,27014,"No Report"
"United States of America","Region of the Americas of WHO","North America",2018,14,"2018-04-02","2018-04-08",29245,29245,0,120,163,NA,1139,1422,405,54,2409,2868,4290,24955,"No Report"
"United States of America","Region of the Americas of WHO","North America",2018,15,"2018-04-09","2018-04-15",26533,26533,0,101,102,NA,903,1106,297,40,1971,2308,3414,23119,"No Report"
"United States of America","Region of the Americas of WHO","North America",2018,16,"2018-04-16","2018-04-22",22657,22657,0,51,86,NA,595,732,211,43,1469,1723,2455,20202,"No Report"
"United States of America","Region of the Americas of WHO","North America",2018,17,"2018-04-23","2018-04-29",20356,20356,0,56,53,NA,473,582,138,28,1127,1293,1875,18481,"No Report"
"United States of America","Region of the Americas of WHO","North America",2018,18,"2018-04-30","2018-05-06",17926,17926,0,40,31,NA,348,419,137,14,747,898,1317,16609,"No Report"
"United States of America","Region of the Americas of WHO","North America",2018,19,"2018-05-07","2018-05-13",15577,15577,0,16,20,NA,191,227,68,6,475,549,776,14801,"No Report"
"United States of America","Region of the Americas of WHO","North America",2018,20,"2018-05-14","2018-05-20",13477,13477,0,16,10,NA,176,202,27,6,246,279,481,12996,"No Report"
"United States of America","Region of the Americas of WHO","North America",2018,21,"2018-05-21","2018-05-27",12143,12143,0,18,6,NA,119,143,20,4,171,195,338,11805,"No Report"
"United States of America","Region of the Americas of WHO","North America",2018,22,"2018-05-28","2018-06-03",11054,11054,0,8,5,NA,76,89,11,2,91,104,193,10861,"No Report"
"United States of America","Region of the Americas of WHO","North America",2018,23,"2018-06-04","2018-06-10",9989,9989,0,7,3,NA,73,83,9,3,83,95,178,9811,"No Report"
"United States of America","Region of the Americas of WHO","North America",2018,24,"2018-06-11","2018-06-17",9212,9212,0,6,3,NA,51,60,8,3,67,78,138,9074,"No Report"
"United States of America","Region of the Americas of WHO","North America",2018,25,"2018-06-18","2018-06-24",8715,8715,0,1,3,NA,49,53,6,3,38,47,100,8614,"No Report"
"United States of America","Region of the Americas of WHO","North America",2018,26,"2018-06-25","2018-07-01",7920,7920,0,2,6,NA,57,65,1,0,29,30,95,7825,"No Report"
"United States of America","Region of the Americas of WHO","North America",2018,27,"2018-07-02","2018-07-08",7010,7010,0,9,5,NA,44,58,6,0,26,32,90,6920,"No Report"
"United States of America","Region of the Americas of WHO","North America",2018,28,"2018-07-09","2018-07-15",7162,7162,0,8,9,NA,51,68,3,2,14,19,87,7075,"No Report"
"United States of America","Region of the Americas of WHO","North America",2018,29,"2018-07-16","2018-07-22",7009,7009,0,15,5,NA,57,77,4,2,18,24,101,6908,"No Report"
"United States of America","Region of the Americas of WHO","North America",2018,30,"2018-07-23","2018-07-29",6976,6976,0,9,3,NA,52,64,0,2,19,21,85,6891,"No Report"
"United States of America","Region of the Americas of WHO","North America",2018,31,"2018-07-30","2018-08-05",6477,6477,0,7,10,NA,46,63,1,0,17,18,81,6396,"No Report"
"United States of America","Region of the Americas of WHO","North America",2018,32,"2018-08-06","2018-08-12",6954,6954,0,6,8,NA,48,62,2,0,23,25,87,6867,"No Report"
"United States of America","Region of the Americas of WHO","North America",2018,33,"2018-08-13","2018-08-19",7246,7246,0,5,9,NA,42,56,2,0,19,21,77,7169,"No Report"
"United States of America","Region of the Americas of WHO","North America",2018,34,"2018-08-20","2018-08-26",8042,8042,0,17,20,NA,83,120,1,0,28,29,149,7893,"No Report"
"United States of America","Region of the Americas of WHO","North America",2018,35,"2018-08-27","2018-09-02",8970,8970,0,10,6,NA,98,114,2,0,33,35,149,8821,"No Report"
"United States of America","Region of the Americas of WHO","North America",2018,36,"2018-09-03","2018-09-09",10137,10137,0,17,17,NA,119,153,1,0,53,54,207,9930,"No Report"
"United States of America","Region of the Americas of WHO","North America",2018,37,"2018-09-10","2018-09-16",12476,12476,0,29,14,NA,155,198,5,1,48,54,252,12224,"No Report"
"United States of America","Region of the Americas of WHO","North America",2018,38,"2018-09-17","2018-09-23",13717,13717,0,22,17,NA,160,199,2,1,68,71,270,13447,"No Report"
"United States of America","Region of the Americas of WHO","North America",2018,39,"2018-09-24","2018-09-30",15324,15324,0,20,13,NA,169,202,3,0,52,55,257,15067,"No Report"
"United States of America","Region of the Americas of WHO","North America",2018,40,"2018-10-01","2018-10-07",17330,17330,0,29,11,NA,226,266,11,7,71,89,355,16975,"No Report"
"United States of America","Region of the Americas of WHO","North America",2018,41,"2018-10-08","2018-10-14",18954,18954,0,52,11,NA,231,294,5,3,88,96,390,18564,"No Report"
"United States of America","Region of the Americas of WHO","North America",2018,42,"2018-10-15","2018-10-21",21301,21301,0,52,22,NA,324,398,14,2,90,106,504,20797,"No Report"
"United States of America","Region of the Americas of WHO","North America",2018,43,"2018-10-22","2018-10-28",22528,22528,0,76,35,NA,343,454,13,0,104,117,571,21957,"No Report"
"United States of America","Region of the Americas of WHO","North America",2018,44,"2018-10-29","2018-11-04",23695,23695,0,84,23,NA,393,500,8,1,100,109,609,23086,"No Report"
"United States of America","Region of the Americas of WHO","North America",2018,45,"2018-11-05","2018-11-11",24855,24855,0,117,27,NA,561,705,7,4,103,114,819,24036,"No Report"
"United States of America","Region of the Americas of WHO","North America",2018,46,"2018-11-12","2018-11-18",25902,25902,0,148,41,NA,680,869,3,2,104,109,978,24924,"No Report"
"United States of America","Region of the Americas of WHO","North America",2018,47,"2018-11-19","2018-11-25",25858,25858,0,215,54,NA,907,1176,5,2,77,84,1260,24598,"No Report"
"United States of America","Region of the Americas of WHO","North America",2018,48,"2018-11-26","2018-12-02",29989,29989,0,326,64,NA,1013,1403,10,2,107,119,1522,28467,"No Report"
"United States of America","Region of the Americas of WHO","North America",2018,49,"2018-12-03","2018-12-09",30761,30761,0,361,90,NA,1674,2125,7,3,159,169,2294,28467,"No Report"
"United States of America","Region of the Americas of WHO","North America",2018,50,"2018-12-10","2018-12-16",35316,35316,0,674,166,NA,3262,4102,6,7,197,210,4312,31004,"No Report"
"United States of America","Region of the Americas of WHO","North America",2018,51,"2018-12-17","2018-12-23",41051,41051,0,1115,248,NA,5367,6730,8,20,201,229,6959,34092,"No Report"
"United States of America","Region of the Americas of WHO","North America",2018,52,"2018-12-24","2018-12-30",45896,45896,0,1243,274,NA,6962,8479,9,19,248,276,8755,37141,"No Report"
"United States of America","Region of the Americas of WHO","North America",2019,1,"2018-12-31","2019-01-06",47278,47278,0,1182,305,NA,5400,6887,17,6,158,181,7068,40210,"No Report"
"United States of America","Region of the Americas of WHO","North America",2019,2,"2019-01-07","2019-01-13",44838,44838,0,1429,233,NA,5175,6837,20,4,230,254,7091,37747,"No Report"
"United States of America","Region of the Americas of WHO","North America",2019,3,"2019-01-14","2019-01-20",45296,45296,0,1475,366,NA,6783,8624,16,17,195,228,8852,36444,"No Report"
"United States of America","Region of the Americas of WHO","North America",2019,4,"2019-01-21","2019-01-27",47652,47652,0,1546,511,NA,8426,10483,9,17,262,288,10771,36881,"No Report"
"United States of America","Region of the Americas of WHO","North America",2019,5,"2019-01-28","2019-02-03",52704,52704,0,1678,806,NA,10732,13216,18,24,300,342,13558,39146,"No Report"
"United States of America","Region of the Americas of WHO","North America",2019,6,"2019-02-04","2019-02-10",58794,58794,0,1878,1202,NA,13197,16277,11,18,446,475,16752,42040,"No Report"
"United States of America","Region of the Americas of WHO","North America",2019,7,"2019-02-11","2019-02-17",57876,57876,0,1703,1305,NA,13375,16383,18,29,532,579,16962,40913,"No Report"
"United States of America","Region of the Americas of WHO","North America",2019,8,"2019-02-18","2019-02-24",58689,58689,0,1480,1501,NA,13759,16740,12,28,532,572,17312,41377,"No Report"
"United States of America","Region of the Americas of WHO","North America",2019,9,"2019-02-25","2019-03-03",58082,58082,0,1377,1785,NA,13498,16660,10,34,474,518,17178,40904,"No Report"
"United States of America","Region of the Americas of WHO","North America",2019,10,"2019-03-04","2019-03-10",57990,57990,0,1292,1829,NA,13258,16379,27,42,491,560,16939,41051,"No Report"
"United States of America","Region of the Americas of WHO","North America",2019,11,"2019-03-11","2019-03-17",57812,57812,0,1052,1828,NA,13412,16292,31,56,611,698,16990,40822,"No Report"
"United States of America","Region of the Americas of WHO","North America",2019,12,"2019-03-18","2019-03-24",52500,52500,0,745,1402,NA,10349,12496,19,50,689,758,13254,39246,"No Report"
"United States of America","Region of the Americas of WHO","North America",2019,13,"2019-03-25","2019-03-31",45764,45764,0,472,1110,NA,7695,9277,25,66,698,789,10066,35698,"No Report"
"United States of America","Region of the Americas of WHO","North America",2019,14,"2019-04-01","2019-04-07",39287,39287,0,336,889,NA,4904,6129,20,70,684,774,6903,32384,"No Report"
"United States of America","Region of the Americas of WHO","North America",2019,15,"2019-04-08","2019-04-14",33751,33751,0,217,660,NA,3210,4087,18,58,638,714,4801,28950,"No Report"
"United States of America","Region of the Americas of WHO","North America",2019,16,"2019-04-15","2019-04-21",29429,29429,0,130,354,NA,1898,2382,19,50,536,605,2987,26442,"No Report"
"United States of America","Region of the Americas of WHO","North America",2019,17,"2019-04-22","2019-04-28",25890,25890,0,87,218,NA,1032,1337,14,39,475,528,1865,24025,"No Report"
"United States of America","Region of the Americas of WHO","North America",2019,18,"2019-04-29","2019-05-05",21148,21148,0,65,158,NA,640,863,11,40,345,396,1259,19889,"No Report"
"United States of America","Region of the Americas of WHO","North America",2019,19,"2019-05-06","2019-05-12",18525,18525,0,45,94,NA,418,557,9,41,297,347,904,17621,"No Report"
"United States of America","Region of the Americas of WHO","North America",2019,20,"2019-05-13","2019-05-19",17777,17777,0,43,82,NA,336,461,7,40,279,326,787,16990,"No Report"
"United States of America","Region of the Americas of WHO","North America",2019,21,"2019-05-20","2019-05-26",16180,16180,0,29,67,NA,280,376,3,27,261,291,667,15513,"No Report"
"United States of America","Region of the Americas of WHO","North America",2019,22,"2019-05-27","2019-06-02",14912,14912,0,23,55,NA,216,294,11,25,249,285,579,14333,"No Report"
"United States of America","Region of the Americas of WHO","North America",2019,23,"2019-06-03","2019-06-09",13102,13102,0,26,54,NA,147,227,1,32,226,259,486,12616,"No Report"
"United States of America","Region of the Americas of WHO","North America",2019,24,"2019-06-10","2019-06-16",11817,11817,0,21,57,NA,136,214,2,19,140,161,375,11442,"No Report"
"United States of America","Region of the Americas of WHO","North America",2019,25,"2019-06-17","2019-06-23",10843,10843,0,19,52,NA,111,182,0,13,99,112,294,10549,"No Report"
"United States of America","Region of the Americas of WHO","North America",2019,26,"2019-06-24","2019-06-30",9513,9513,0,21,48,NA,95,164,3,12,100,115,279,9234,"No Report"
"United States of America","Region of the Americas of WHO","North America",2019,27,"2019-07-01","2019-07-07",9212,9212,0,29,41,NA,132,202,1,13,89,103,305,8907,"No Report"
"United States of America","Region of the Americas of WHO","North America",2019,28,"2019-07-08","2019-07-14",9474,9474,0,10,42,NA,103,155,1,9,83,93,248,9226,"No Report"
"United States of America","Region of the Americas of WHO","North America",2019,29,"2019-07-15","2019-07-21",8662,8662,0,12,55,NA,109,176,0,10,81,91,267,8395,"No Report"
"United States of America","Region of the Americas of WHO","North America",2019,30,"2019-07-22","2019-07-28",8245,8245,0,19,29,NA,106,154,0,11,88,99,253,7992,"No Report"
"United States of America","Region of the Americas of WHO","North America",2019,31,"2019-07-29","2019-08-04",8213,8213,0,14,30,NA,106,150,2,10,86,98,248,7965,"No Report"
"United States of America","Region of the Americas of WHO","North America",2019,32,"2019-08-05","2019-08-11",8374,8374,0,7,33,NA,79,119,0,16,88,104,223,8151,"No Report"
"United States of America","Region of the Americas of WHO","North America",2019,33,"2019-08-12","2019-08-18",8647,8647,0,20,34,NA,81,135,0,38,94,132,267,8380,"No Report"
"United States of America","Region of the Americas of WHO","North America",2019,34,"2019-08-19","2019-08-25",9244,9244,0,19,38,NA,95,152,0,32,118,150,302,8942,"No Report"
"United States of America","Region of the Americas of WHO","North America",2019,35,"2019-08-26","2019-09-01",10870,10870,0,14,34,NA,146,194,0,29,226,255,449,10421,"No Report"
"United States of America","Region of the Americas of WHO","North America",2019,36,"2019-09-02","2019-09-08",12268,12268,0,16,54,NA,145,215,1,29,231,261,476,11792,"No Report"
"United States of America","Region of the Americas of WHO","North America",2019,37,"2019-09-09","2019-09-15",13954,13954,0,12,69,NA,166,247,2,44,182,228,475,13479,"No Report"
"United States of America","Region of the Americas of WHO","North America",2019,38,"2019-09-16","2019-09-22",15837,15837,0,27,59,NA,171,257,0,46,258,304,561,15276,"No Report"
"United States of America","Region of the Americas of WHO","North America",2019,39,"2019-09-23","2019-09-29",18142,18142,0,18,60,NA,171,249,0,49,329,378,627,17515,"No Report"
"United States of America","Region of the Americas of WHO","North America",2019,40,"2019-09-30","2019-10-06",20838,20838,0,25,57,NA,157,239,1,56,131,188,427,20411,"No Report"
"United States of America","Region of the Americas of WHO","North America",2019,41,"2019-10-07","2019-10-13",23214,23214,0,33,64,NA,168,265,2,71,188,261,526,22688,"No Report"
"United States of America","Region of the Americas of WHO","North America",2019,42,"2019-10-14","2019-10-20",24387,24387,0,36,82,NA,196,314,3,77,200,280,594,23793,"No Report"
"United States of America","Region of the Americas of WHO","North America",2019,43,"2019-10-21","2019-10-27",26123,26123,0,53,78,NA,249,380,5,96,374,475,855,25268,"No Report"
"United States of America","Region of the Americas of WHO","North America",2019,44,"2019-10-28","2019-11-03",27012,27012,0,52,61,NA,304,417,5,120,595,720,1137,25875,"No Report"
"United States of America","Region of the Americas of WHO","North America",2019,45,"2019-11-04","2019-11-10",31191,31191,0,122,74,NA,619,815,10,236,1149,1395,2210,28981,"No Report"
"United States of America","Region of the Americas of WHO","North America",2019,46,"2019-11-11","2019-11-17",33647,33647,0,149,58,NA,681,888,10,330,1678,2018,2906,30741,"No Report"
"United States of America","Region of the Americas of WHO","North America",2019,47,"2019-11-18","2019-11-24",39307,39307,0,258,78,NA,1076,1412,10,424,2754,3188,4600,34707,"No Report"
"United States of America","Region of the Americas of WHO","North America",2019,48,"2019-11-25","2019-12-01",37761,37761,0,370,83,NA,1171,1624,10,501,2934,3445,5069,32692,"No Report"
"United States of America","Region of the Americas of WHO","North America",2019,49,"2019-12-02","2019-12-08",45193,45193,0,513,84,NA,1512,2109,14,657,3657,4328,6437,38756,"No Report"
"United States of America","Region of the Americas of WHO","North America",2019,50,"2019-12-09","2019-12-15",48414,48414,0,619,78,NA,2199,2896,15,807,5408,6230,9126,39288,"No Report"
"United States of America","Region of the Americas of WHO","North America",2019,51,"2019-12-16","2019-12-22",58470,58470,0,911,50,NA,3749,4710,16,1093,8851,9960,14670,43800,"No Report"
"United States of America","Region of the Americas of WHO","North America",2019,52,"2019-12-23","2019-12-29",68186,68186,0,1204,86,NA,6007,7297,24,1309,11590,12923,20220,47966,"No Report"
